"id","name_company","inn_company","mail_company","tel_company","kpp_company","ogrn_company","registration_date_start","registration_date_end","adress_company","adress_index_company","boss_company"
1,"ОБЩЕСТВО С ОГРАНИЧЕННОЙ ОТВЕТСТВЕННОСТЬЮ ""МЕТАЛЛ КОМ""","6154140841","metallkom2015@list.ru","79888991991","615401001","1156196060338","11.01.2019","11.01.2022","347909,  ОБЛ РОСТОВСКАЯ61,  Г ТАГАНРОГ,  УЛ СОЦИАЛИСТИЧЕСКАЯ,  ДОМ 152,",347909,"Лавров Александр Александрович"
2,"ОБЩЕСТВО С ОГРАНИЧЕННОЙ ОТВЕТСТВЕННОСТЬЮ ""ФИРМА ИНВЕСТТЕХПРОМ""","7703773783","yan-gintaras@yandex.ru","79266544416","771401001","1127746627205","11.01.2019","11.01.2022","125252,  Г МОСКВА77,  УЛ КУУСИНЕНА,  ДОМ 15,  КОРПУС 2,  ЭТАЖ 1 ПОМ II КОМНАТА 18",125252,"ЯНУШАС ГИНТАРАС ПЯТРО"
3,"КАРАЧАЕВО-ЧЕРКЕССКОЕ РЕГИОНАЛЬНОЕ ОТДЕЛЕНИЕ ОБЩЕРОССИЙСКОЙ ОБЩЕСТВЕННОЙ ОРГАНИЗАЦИИ ИНВАЛИДОВ ""ВСЕРОССИЙСКОЕ ОБЩЕСТВО ГЛУХИХ""","0917013561","kchrvog@mail.ru","79283957875","091701001","1090900000047","11.01.2019","11.01.2022","369004,  РЕСП КАРАЧАЕВО-ЧЕРКЕССКАЯ09,  Г ЧЕРКЕССК,  УЛ ДЕМИДЕНКО,  157,  В,",369004,"АКПЕРОВА АСИЯТ ИБРАГИМОВНА"
4,"АВТОНОМНАЯ НЕКОММЕРЧЕСКАЯ ОРГАНИЗАЦИЯ ДОПОЛНИТЕЛЬНОГО ПРОФЕССИОНАЛЬНОГО ОБРАЗОВАНИЯ ""УЧЕБНЫЙ ЦЕНТР ""КРОК ОБРАЗОВАТЕЛЬНАЯ КОМПАНИЯ""","7722310540","info@crocok.ru","74959742274","772201001","1097799033243","11.01.2019","11.01.2022","111033,  Г МОСКВА77,  УЛ ВОЛОЧАЕВСКАЯ,  ДОМОВЛАДЕНИЕ 5,  КОРПУС 1,",111033,"ПОПКОВА ЕЛЕНА ЭДУАРДОВНА"
5,"ОБЩЕСТВО С ОГРАНИЧЕННОЙ ОТВЕТСТВЕННОСТЬЮ ""ЭСБИ""","5410033739","lotkasov@yandex.ru","73833806502","541001001","1155476027387","11.01.2019","11.01.2022","630129,  ОБЛ НОВОСИБИРСКАЯ54,  Г НОВОСИБИРСК,  УЛ РАССВЕТНАЯ,  ДОМ 12,  КВАРТИРА 9",630129,"ЛОТКАСОВА ОЛЬГА ВЛАДИМИРОВНА"
6,"ОБЩЕСТВО С ОГРАНИЧЕННОЙ ОТВЕТСТВЕННОСТЬЮ ""ЦЕХОВИК""","6154556600","cexovik007@mail.ru","79281021220","615401001","1086154006180","11.01.2019","11.01.2022","347905,  ОБЛ РОСТОВСКАЯ61,  Г ТАГАНРОГ,  УЛ СОЦИАЛИСТИЧЕСКАЯ,  7,  3,",347905,"БАЙДАК ВИТАЛИЙ ФЕДОРОВИЧ"
7,"ОБЩЕСТВО С ОГРАНИЧЕННОЙ ОТВЕТСТВЕННОСТЬЮ ""ЭТАЛОН ПРОЕКТ""","9731019028","etalonproekt2018@yandex.ru","79646415217","773101001","5187746000657","11.01.2019","11.01.2022","121596, Г. МОСКВА, УЛ. ГОРБУНОВА, Д. 2, СТР. 31, ЭТ. 8 ПОМЕЩ. II КОМ. 12 ОФИС 364",121596,"ЦЫГАНКОВ КОНСТАНТИН АЛЕКСАНДРОВИЧ"
8,"ОБЩЕСТВО С ОГРАНИЧЕННОЙ ОТВЕТСТВЕННОСТЬЮ ""НАУЧНО-ПРОИЗВОДСТВЕННОЕ ОБЪЕДИНЕНИЕ ""НАУКА-СТРОИТЕЛЬСТВУ""","7810172762","sdo@nponast.ru","78122429229","780201001","1037821029421","11.01.2019","11.01.2022","194356, Г САНКТ-ПЕТЕРБУРГ, УЛ БЕРЕГОВАЯ (ШУВАЛОВО ТЕР.), ДОМ 26, ЛИТЕРА  А, ПОМЕЩЕНИЕ 16-Н",194356,"ПОДПАЛЬНЫЙ ИГОРЬ СТАНИСЛАВОВИЧ"
9,"ОБЩЕСТВО С ОГРАНИЧЕННОЙ ОТВЕТСТВЕННОСТЬЮ ""АКСИОМА""","6317127102","aksioma-smr@mail.ru","79093290101","631701001","1186313067973","11.01.2019","11.01.2022","443013, ОБЛ САМАРСКАЯ, Г САМАРА, УЛ ЧЕРНОРЕЧЕНСКАЯ, ДОМ 50, ЛИТЕР А2,КОМНАТА 32",443013,"БЕСПАЛОВ ВЯЧЕСЛАВ АЛЕКСАНДРОВИЧ"
10,"ОБЩЕСТВО С ОГРАНИЧЕННОЙ ОТВЕТСТВЕННОСТЬЮ ""СТРОЙСПЕЦМОНТАЖ""","1513068670","ooossm15@gmail.com","79188277117","151301001","1171513006928","11.01.2019","11.01.2022","362047, РЕСП СЕВЕРНАЯ ОСЕТИЯ - АЛАНИЯ, Г ВЛАДИКАВКАЗ, УЛ ЦОКОЛАЕВА, ДОМ 32, КОРПУС 3, КВАРТИРА 87",362047,"БЕКУРОВ ТИМУР АВДАНОВИЧ"
11,"ОБЩЕСТВО С ОГРАНИЧЕННОЙ ОТВЕТСТВЕННОСТЬЮ ""САНИТАРЫ ГОРОДА""","2222830655","petrfadeev_89@mail.ru","79293231989","222201001","1142223015153","11.01.2019","11.01.2022","656902, КРАЙ АЛТАЙСКИЙ22, Г БАРНАУЛ, С ВЛАСИХА, УЛ УНИВЕРСАЛЬНАЯ, 34, А,",656902,"ФАДЕЕВ ПЕТР СЕРГЕЕВИЧ"
12,"ОБЩЕСТВО С ОГРАНИЧЕННОЙ ОТВЕТСТВЕННОСТЬЮ ""НОВЫЕ ТЕХНОЛОГИИ""","6732111704","nt-67@list.ru","79107145414","671401001","1156733015911","11.01.2019","11.01.2022","214036, ОБЛ СМОЛЕНСКАЯ, Р-Н СМОЛЕНСКИЙ, Д КИСЕЛЕВКА, ДОМ 4А, ПОМЕЩЕНИЕ 2",214036,"ГУДКОВА МАРИЯ АНАТОЛЬЕВНА"
13,"ОБЩЕСТВО С ОГРАНИЧЕННОЙ ОТВЕТСТВЕННОСТЬЮ ""СПАРТА""","6670317188","sparta2105@yandex.ru","79041602035","667001001","1156658024390","11.01.2019","11.01.2022","620049, ОБЛ СВЕРДЛОВСКАЯ, Г ЕКАТЕРИНБУРГ, УЛ ПЕРВОМАЙСКАЯ, ДОМ 104, ОФИС 313",620049,"ЮДИН НИКОЛАЙ ВЛАДИМИРОВИЧ"
14,"ОБЩЕСТВО С ОГРАНИЧЕННОЙ ОТВЕТСТВЕННОСТЬЮ ""АРКТЕНД""","7802679534","spb@arktend.ru","79313138352","780201001","1187847311189","11.01.2019","11.01.2022","194156, Г САНКТ-ПЕТЕРБУРГ, ПР-КТ ЭНГЕЛЬСА, ДОМ 30, ЛИТЕР А, ПОМ/ОФИС 18Н/303",194156,"None"
15,"ОБЩЕСТВО С ОГРАНИЧЕННОЙ ОТВЕТСТВЕННОСТЬЮ ""ФИРСТ""","7705707793","first-sm@mail.ru","79199928580","770401001","1057749608641","11.01.2019","11.01.2022","121099, Г МОСКВА, ПЛ СМОЛЕНСКАЯ, ДОМ 3, ЭТАЖ 10 ПОМ I КОМНАТА 55",121099,"БОКОВ МАКСИМ СЕРГЕЕВИЧ"
16,"ОБЩЕСТВО С ОГРАНИЧЕННОЙ ОТВЕТСТВЕННОСТЬЮ ""ТРИУМФ""","4401145900","petrovichev44@mail.ru","74942470605","440101001","1134401012492","11.01.2019","11.01.2022","156011, ОБЛ КОСТРОМСКАЯ, Г КОСТРОМА, НАБ ЧЕРНИГИНСКАЯ, ДОМ 50, КВАРТИРА 7",156011,"ПЕТРОВИЧЕВ АРТЕМ ЮРЬЕВИЧ"
17,"ОБЩЕСТВО С ОГРАНИЧЕННОЙ ОТВЕТСТВЕННОСТЬЮ ""ЭНЕРГОСЕРВИСНЫЙ ЦЕНТР""","3702124355","ivces@mail.ru","74932327717","370201001","1153702026279","11.01.2019","11.01.2022","153002, ОБЛ ИВАНОВСКАЯ, Г ИВАНОВО, УЛ БАТУРИНА, ДОМ 10,",153002,"НИКОЛАИЧЕВ ДМИТРИЙ ВЛАДИМИРОВИЧ"
18,"ОБЩЕСТВО С ОГРАНИЧЕННОЙ ОТВЕТСТВЕННОСТЬЮ ""ЭКСПЕРТ""","5501103207","kiroshka.v-83@mail.ru","79088808187","550501001","1075501000563","11.01.2019","11.01.2022","644014, ОБЛ ОМСКАЯ, Г ОМСК, УЛ 4-Я МАРЬЯНОВСКАЯ, ДОМ 4, КВАРТИРА 82",644014,"КИРОШКА ВЛАДИМИР АЛЕКСЕЕВИЧ"
19,"ОБЩЕСТВО С ОГРАНИЧЕННОЙ ОТВЕТСТВЕННОСТЬЮ ""БТА КЛУБ""","7726643156","revaz@bta-group.ru","74956171617","772601001","1097746814197","11.01.2019","11.01.2022","115191, Г. МОСКВА, ПЕР. ГАМСОНОВСКИЙ, Д. 2, ЭТАЖ/ПОМЕЩ./ОФИС 02/112/В",115191,"None"
20,"ОБЩЕСТВО С ОГРАНИЧЕННОЙ ОТВЕТСТВЕННОСТЬЮ ""НОРМА""","5249124660","hg05@mail.ru","78313222647","524901001","1135249000105","11.01.2019","11.01.2022","606024,  ОБЛ НИЖЕГОРОДСКАЯ52,  Г ДЗЕРЖИНСК,  УЛ ЧАПАЕВА,  64,  ПОМЕЩЕНИЕ П2,",606024,"БЛОХИН ДМИТРИЙ ВИКТОРОВИЧ"
21,"ОБЩЕСТВО С ОГРАНИЧЕННОЙ ОТВЕТСТВЕННОСТЬЮ ""ТВЕРЬЛАЙН""","6901036028","info@tverline.ru","74822571011","695201001","1036900060361","11.01.2019","11.01.2022","170041, ОБЛ ТВЕРСКАЯ, Г ТВЕРЬ, УЛ КАРПИНСКОГО, ДОМ 28, ПОМЕЩЕНИЕ 3-7",170041,"КАЩЕНКО ЕВГЕНИЙ СЕРГЕЕВИЧ"
22,"ОБЩЕСТВО С ОГРАНИЧЕННОЙ ОТВЕТСТВЕННОСТЬЮ ""ФАБУС-СЕРВИС""","5321154114","avtoprokat01@yandex.ru","78162640052","532101001","1125321002509","11.01.2019","11.01.2022","173008, ОБЛ НОВГОРОДСКАЯ, Г ВЕЛИКИЙ НОВГОРОД, УЛ МАГИСТРАЛЬНАЯ, 13,",173008,"None"
23,"ОБЩЕСТВО С ОГРАНИЧЕННОЙ ОТВЕТСТВЕННОСТЬЮ ""МЕТРОЛОГ""","7813168838","vladimetr@yandex.ru","78123241821","781401001","1027806882487","11.01.2019","11.01.2022","197375, Г САНКТ-ПЕТЕРБУРГ, УЛ ЩЕРБАКОВА, ДОМ 20, КОРПУС 1, КВАРТИРА 64",197375,"БУСЫГИНА ЕЛЕНА ИГОРЕВНА"
24,"ОБЩЕСТВО С ОГРАНИЧЕННОЙ ОТВЕТСТВЕННОСТЬЮ ""ИНЖЕНЕР""","2902085895","m@aomet.ru","79600060660","290201001","1182901016814","11.01.2019","11.01.2022","164526, ОБЛ АРХАНГЕЛЬСКАЯ, Г СЕВЕРОДВИНСК, УЛ ПЕРВОМАЙСКАЯ, ДОМ 8, ОФИС 5",164526,"РОМАЗАНОВ МАКСИМ ИГОРЕВИЧ"
25,"ОБЩЕСТВО С ОГРАНИЧЕННОЙ ОТВЕТСТВЕННОСТЬЮ ""ОТКРЫТИЕ""","5263137950","otkr.ooo@mail.ru","79063553608","525901001","1185275061377","11.01.2019","11.01.2022","603157, ОБЛ НИЖЕГОРОДСКАЯ, Г НИЖНИЙ НОВГОРОД, Ш СОРМОВСКОЕ, ДОМ 24А, ОФИС 6",603157,"ГОЛОДУХИН ДМИТРИЙ СЕРГЕЕВИЧ"
26,"ОБЩЕСТВО С ОГРАНИЧЕННОЙ ОТВЕТСТВЕННОСТЬЮ ""ВОЛГАЛАЙТ""","3444260616","igorost79@hotmail.com","79050613770","345901001","1163443075124","11.01.2019","11.01.2022","400007, ОБЛ ВОЛГОГРАДСКАЯ, Г ВОЛГОГРАД, УЛ ВАРШАВСКАЯ, ДОМ 6, КВАРТИРА 77",400007,"ОСТАПЕНКО ИГОРЬ ВЛАДИМИРОВИЧ"
27,"ОБЩЕСТВО С ОГРАНИЧЕННОЙ ОТВЕТСТВЕННОСТЬЮ ""ИНТЕБ""","7722721646","info@inteb.su","74955328516","772801001","1107746536424","11.01.2019","11.01.2022","117342, Г МОСКВА, УЛ БУТЛЕРОВА, ДОМ 17Б, ЭТ/П/К/О/К 3/XII/86/5/20",117342,"КРИВЕНКО АЛЕКСАНДР СЕРГЕЕВИЧ"
28,"ОБЩЕСТВО С ОГРАНИЧЕННОЙ ОТВЕТСТВЕННОСТЬЮ ""ВОРОНЕЖСКОЕ ИНФОРМАЦИОННОЕ АГЕНТСТВО ""КОНСУЛЬТАНТ""","3666152058","hotlinevia@yandex.ru","79065862914","366601001","1083668015958","11.01.2019","11.01.2022","394018,  ОБЛ ВОРОНЕЖСКАЯ36,  Г ВОРОНЕЖ,  УЛ ПЛЕХАНОВСКАЯ,  2,  1",394018,"ТКАЧЕНКО АЛЕКСАНДР ЕВГЕНЬЕВИЧ"
29,"ОБЩЕСТВО С ОГРАНИЧЕННОЙ ОТВЕТСТВЕННОСТЬЮ ""ТРИГАДА""","7328100023","ru007@list.ru","79677748824","732101001","1187325017527","11.01.2019","11.01.2022","433310, ОБЛ УЛЬЯНОВСКАЯ, Р-Н УЛЬЯНОВСКИЙ, РАБОЧИЙ ПО ИШЕЕВКА, УЛ ГАГАРИНА, ДОМ 12В, ОФИС 1",433310,"ГАЛИМОВ РУСЛАН РАШИТОВИЧ"
30,"ОБЩЕСТВО С ОГРАНИЧЕННОЙ ОТВЕТСТВЕННОСТЬЮ ""КЛАСТЕР""","6658267741","klastercomp@bk.ru","79058084277","665801001","1076658015114","11.01.2019","11.01.2022","620109, ОБЛ СВЕРДЛОВСКАЯ, Г ЕКАТЕРИНБУРГ, УЛ ТОКАРЕЙ, 44, 1, 59",620109,"ТРИФОНОВ ИЛЬЯ ЮРЬЕВИЧ"
31,"ОБЩЕСТВО С ОГРАНИЧЕННОЙ ОТВЕТСТВЕННОСТЬЮ ""ЧАСТНОЕ ОХРАННОЕ ПРЕДПРИЯТИЕ ""ОМЕГА""","3128049326","omega-oskol@mail.ru","79192843199","312801001","1053109205797","11.01.2019","11.01.2022","309516, Область Белгородская, Город Старый Оскол, Микрорайон Зеленый Лог, 3,",309516,"ПАВЛОВ РОМАН НИКОЛАЕВИЧ"
32,"ОБЩЕСТВО С ОГРАНИЧЕННОЙ ОТВЕТСТВЕННОСТЬЮ ""УРАЛ ГЕО ИНФО""","6674340974","uralgeoinfo@bk.ru","73433857076","667901001","1096674019848","11.01.2019","11.01.2022","620144, ОБЛ СВЕРДЛОВСКАЯ, Г ЕКАТЕРИНБУРГ, УЛ 8 МАРТА, ДОМ 188, ЭТАЖ 1",620144,"БАЖЕНОВ ОЛЕГ СЕРГЕЕВИЧ"
33,"ОБЩЕСТВО С ОГРАНИЧЕННОЙ ОТВЕТСТВЕННОСТЬЮ ""ФАБУС ВН""","5321197301","avtoprokat01@yandex.ru","78162961703","532101001","1185321006320","11.01.2019","11.01.2022","173008, ОБЛ НОВГОРОДСКАЯ, Г ВЕЛИКИЙ НОВГОРОД, УЛ МАГИСТРАЛЬНАЯ, ДОМ 13, ОФИС 1",173008,"АНИСИМОВ ОЛЕГ ВЛАДИМИРОВИЧ"
34,"ОБЩЕСТВО С ОГРАНИЧЕННОЙ ОТВЕТСТВЕННОСТЬЮ ""СТРОИТЕЛЬНО-ТРАНСПОРТНОЕ ПРЕДПРИЯТИЕ""","0266027441","stp2008salavat@mail.ru","79174483071","026601001","1060266010793","11.01.2019","11.01.2022","453252, РЕСП БАШКОРТОСТАН, Г САЛАВАТ, УЛ СТРОИТЕЛЕЙ, 49,",453252,"None"
35,"ОБЩЕСТВО С ОГРАНИЧЕННОЙ ОТВЕТСТВЕННОСТЬЮ ""КОНСТРУКТОРСКОЕ БЮРО ""КИБЕРШЕЛЬФ""","7802798789","post.cbsh@gmail.ru","78123324514","780701001","1127847431315","11.01.2019","11.01.2022","198206, Г САНКТ-ПЕТЕРБУРГ, Ш ПЕТЕРГОФСКОЕ, ДОМ 73, КОРПУС 10 ЛИТЕР АЖ, ПОМЕЩЕНИЕ 1-Н КОМН. 97",198206,"СУДАКОВ МИХАИЛ АБРАМОВИЧ"
36,"ОБЩЕСТВО С ОГРАНИЧЕННОЙ ОТВЕТСТВЕННОСТЬЮ ""НАДЕЖНЫЙ СТРАТЕГИЧЕСКИЙ ПАРТНЕР""","3019017042","nsp9963@gmail.com","99270799963","301901001","1153025006881","11.01.2019","11.01.2022","414052, ОБЛ АСТРАХАНСКАЯ, Г АСТРАХАНЬ, УЛ 2-Я ПЕРЕВОЗНАЯ, ДОМ 13, КВАРТИРА 8",414052,"ПУСТЫННИКОВ НИКОЛАЙ СТАНИСЛАВОВИЧ"
37,"ОБЩЕСТВО С ОГРАНИЧЕННОЙ ОТВЕТСТВЕННОСТЬЮ ""АЗИМУТ""","2466260520","oooaz@bk.ru","79133434884","170101001","1132468015888","11.01.2019","11.01.2022","667000, РЕСП ТЫВА, Г КЫЗЫЛ, УЛ МАЙСКАЯ, ДОМ 18,",667000,"ШЕЛЕПОВ ДМИТРИЙ СЕРГЕЕВИЧ"
38,"ОБЩЕСТВО С ОГРАНИЧЕННОЙ ОТВЕТСТВЕННОСТЬЮ ""ЧИСТЫЙ ДОМ""","3525306315","o.chistiy@yandex.ru","78172714895","352501001","1133525014006","11.01.2019","11.01.2022","160022, ОБЛ ВОЛОГОДСКАЯ, Г ВОЛОГДА, УЛ ПОШЕХОНСКОЕ ШОССЕ, 14А,",160022,"КОЗЛОВА ЕЛЕНА ФАДЕЕВНА"
39,"ОБЩЕСТВО С ОГРАНИЧЕННОЙ ОТВЕТСТВЕННОСТЬЮ ""ПАНОРАМА""","7839364851","tender.panorama@yandex.ru","78124481287","780601001","1077847575541","11.01.2019","11.01.2022","195248, Г САНКТ-ПЕТЕРБУРГ, ПЕР УМАНСКИЙ, ДОМ 72, ЛИТЕР А, ПОМЕЩЕНИЕ 10-Н, КОМНАТА 7",195248,"АРОНОВ КОНСТАНТИН БОРИСОВИЧ"
40,"ОБЩЕСТВО С ОГРАНИЧЕННОЙ ОТВЕТСТВЕННОСТЬЮ ЧАСТНАЯ ОХРАННАЯ ОРГАНИЗАЦИЯ ""Р-1 ТВЕРЬ""","6950040838","R1tver@mail.ru","74822574700","695001001","1156952020587","11.01.2019","11.01.2022","170034, ОБЛ. ТВЕРСКАЯ, Г. Тверь, ПР-КТ ЧАЙКОВСКОГО, Д. 1, К. 2, ПОМЕЩ. 1-4",170034,"ЮРЬЕВИЧ ОКСАНА ИВАНОВНА"
41,"ОБЩЕСТВО С ОГРАНИЧЕННОЙ ОТВЕТСТВЕННОСТЬЮ ""СТРОЙКОМПОНЕНТ""","5904285856","stroycomponent@yandex.ru","73422888600","590401001","1135904004917","11.01.2019","11.01.2022","614025, КРАЙ ПЕРМСКИЙ, Г ПЕРМЬ, УЛ ГЕРОЕВ ХАСАНА, 92, ОФИС 320",614025,"ПОЛСЁНОВ АНДРЕЙ АЛЕКСАНДРОВИЧ"
42,"ОБЩЕСТВО С ОГРАНИЧЕННОЙ ОТВЕТСТВЕННОСТЬЮ ""АЛВО ГРУПП""","1657251147","alvo-group@yandex.ru","79373816040","165701001","1181690106806","11.01.2019","11.01.2022","420044, РЕСП ТАТАРСТАН, Г КАЗАНЬ, ПР-КТ ЯМАШЕВА, ДОМ 36, ПОМЕЩЕНИЕ 1000",420044,"АЛЕКСАНДРОВА АЛИНА АРИФОВНА"
43,"ОБЩЕСТВО С ОГРАНИЧЕННОЙ ОТВЕТСТВЕННОСТЬЮ ""АНМАКС  СТРОЙ""","4205272620","anmaks-group@yandex.ru","79017798829","501801001","1134205020025","11.01.2019","11.01.2022","141070, ОБЛ МОСКОВСКАЯ, Г КОРОЛЁВ, ПРОЕЗД ЯРОСЛАВСКИЙ, ДОМ 11А, ПОМЕЩЕНИЕ 4,10",141070,"ЖУЛАНОВ КОНСТАНТИН МИХАЙЛОВИЧ"
44,"ОБЩЕСТВО С ОГРАНИЧЕННОЙ ОТВЕТСТВЕННОСТЬЮ""ВЕЙНТЕ ТЕХНОЛОДЖИ""","5047195072","veinte-texnology@mail.ru","79031793015","504701001","1175029005876","11.01.2019","11.01.2022","141402, ОБЛ МОСКОВСКАЯ, Г ХИМКИ, УЛ ЛЕНИНГРАДСКАЯ, ДОМ 29, ОФИС 915/1",141402,"КАТЫШЕВ АНАТОЛИЙ АЛЕКСАНДРОВИЧ"
45,"ОБЩЕСТВО С ОГРАНИЧЕННОЙ ОТВЕТСТВЕННОСТЬЮ ""ЕВРОМЕДИЦИНА""","6732019314","a-2445@ya.ru","79002271166","673201001","1116732004960","11.01.2019","11.01.2022","214000, ОБЛ СМОЛЕНСКАЯ, Г СМОЛЕНСК, УЛ БАКУНИНА, 5, 113",214000,"ДИКЕВИЧ АНДРЕЙ ИВАНОВИЧ"
46,"ОБЩЕСТВО С ОГРАНИЧЕННОЙ ОТВЕТСТВЕННОСТЬЮ ""НКРТ""","7721689220","SOFTBOXRU@MAIL.RU","79032079037","772001001","1107746229062","11.01.2019","11.01.2022","111141, Г МОСКВА, УЛ КУСКОВСКАЯ, ДОМ 20А, ЭТ/ПОМ/КОМ 6/XIIА/133",111141,"КРОВОПУСКОВ ЕВГЕНИЙ АЛЕКСАНДРОВИЧ"
47,"ОБЩЕСТВО С ОГРАНИЧЕННОЙ ОТВЕТСТВЕННОСТЬЮ ""НОВАТОР""","5604032420","Larisa8889@gmail.com","79096149402","560401001","1155658026226","11.01.2019","11.01.2022","462634, ОБЛ ОРЕНБУРГСКАЯ, Г ГАЙ, УЛ ВОЙЧЕНКО, ДОМ 20, ОФИС 1",462634,"ТЕГАЙ ЮРИЙ АЛЕКСЕЕВИЧ"
48,"ОБЩЕСТВО С ОГРАНИЧЕННОЙ ОТВЕТСТВЕННОСТЬЮ ""ДАВИДЭН""","7801624109","info@daviden.ru","78124297195","781601001","1147847071327","11.01.2019","11.01.2022","192236, Г. САНКТ-ПЕТЕРБУРГ, УЛ. СОФИЙСКАЯ, Д. 8, К. 1 СТР. 1, ПОМЕЩ./ОФИС 22-Н/509",192236,"ТОРМЫШОВ АЛЕКСЕЙ ВАЛЕНТИНОВИЧ"
49,"ОБЩЕСТВО С ОГРАНИЧЕННОЙ ОТВЕТСТВЕННОСТЬЮ ""КАТОРСЕ""","2309169310","catorcetrade@gmail.com","79648925717","230901001","1182375096309","11.01.2019","11.01.2022","350007, КРАЙ КРАСНОДАРСКИЙ, Г КРАСНОДАР, УЛ ИНДУСТРИАЛЬНАЯ, ДОМ 38, КВАРТИРА 13",350007,"ПОЛИШКО ВАДИМ ВЛАДИМИРОВИЧ"
50,"ОБЩЕСТВО С ОГРАНИЧЕННОЙ ОТВЕТСТВЕННОСТЬЮ ЧАСТНАЯ ОХРАННАЯ ОРГАНИЗАЦИЯ ""РЕДУТ""","2320200980","redut-sochi@mail.ru","79184086349","232001001","1122366004804","11.01.2019","11.01.2022","354000, КРАЙ КРАСНОДАРСКИЙ, Г СОЧИ, УЛ МОСКОВСКАЯ (ЦЕНТРАЛЬНЫЙ Р-Н), ДОМ 19, КВАРТИРА 327",354000,"КАРАПЕТЯН ЛЕВОН САРКИСОВИЧ"
51,"ОБЩЕСТВО С ОГРАНИЧЕННОЙ ОТВЕТСТВЕННОСТЬЮ ""ЭРМИ ИНТЕРМЕД""","4632000115","ermi@ermi.su","74712583888","463201001","1024600947513","11.01.2019","11.01.2022","305029, ОБЛ КУРСКАЯ, Г КУРСК, УЛ НИКИТСКАЯ, 1, В,",305029,"КОВЫЛЯЕВ ВЛАДИМИР ВАСИЛЬЕВИЧ"
52,"ОБЩЕСТВО С ОГРАНИЧЕННОЙ ОТВЕТСТВЕННОСТЬЮ ""КЛИНИКА ПРОФЕССИОНАЛЬНОЙ МЕДИЦИНЫ""","7725613575","medhotline@mail.ru","74956385053","770901001","1077758500160","11.01.2019","11.01.2022","109004, Г МОСКВА, ПЕР ПЕСТОВСКИЙ, ДОМ 16, СТРОЕНИЕ 3, ЭТАЖ  1 ПОМ I КОМ 1",109004,"ИВКИН ДМИТРИЙ АЛЕКСАНДРОВИЧ"
53,"ОБЩЕСТВО С ОГРАНИЧЕННОЙ ОТВЕТСТВЕННОСТЬЮ ""ВИВА ЭНЕРГО""","3702677906","info@vivaenergo.ru","79203576669","370201001","1123702022597","12.01.2019","12.01.2022","153051,  ОБЛ ИВАНОВСКАЯ37,  Г ИВАНОВО,  МКР РОЖДЕСТВЕНСКИЙ,  ДОМ 1,  КВАРТИРА 70",153051,"КОРОЛЬКОВ ВАЛЕРИЙ ВАЛЕРЬЕВИЧ"
54,"ОБЩЕСТВО С ОГРАНИЧЕННОЙ ОТВЕТСТВЕННОСТЬЮ ""СЛАВНЫЙ ГРАД""","5321130272","misha-co@mail.ru","79217365065","532101001","1085321008740","11.01.2019","11.01.2022","173003, ОБЛ НОВГОРОДСКАЯ, Г ВЕЛИКИЙ НОВГОРОД, УЛ М. ДЖАЛИЛЯ-ДУХОВСКАЯ, ДОМ 23, ОФИС 8",173003,"ФЕДОРОВ МИХАИЛ МИХАЙЛОВИЧ"
55,"ОБЩЕСТВО С ОГРАНИЧЕННОЙ ОТВЕТСТВЕННОСТЬЮ «ЖКХ «ГОРОД»","9110018960","sk.evp@mail.ru","79787100620","911001001","1169102084810","11.01.2019","11.01.2022","297408, РЕСП КРЫМ, Г ЕВПАТОРИЯ, УЛ ВОЛОДАРСКОГО, ДОМ 2/7,",297408,"None"
56,"ОБЩЕСТВО С ОГРАНИЧЕННОЙ ОТВЕТСТВЕННОСТЬЮ ""КОННЕКТ""","1435210118","sales@knkt.ru","78002500829","143501001","1081435582810","11.01.2019","11.01.2022","677018, РЕСП. САХА /ЯКУТИЯ/, Г. Якутск, УЛ. ЯРОСЛАВСКОГО, Д. 9, ОФИС 16",677018,"КОСТИН АЛЕКСАНДР ЮРЬЕВИЧ"
57,"ОБЩЕСТВО С ОГРАНИЧЕННОЙ ОТВЕТСТВЕННОСТЬЮ ""АГЕНТСТВО БЕЗОПАСНОСТИ ""ВАТЕК ПЛЮС""","9204509000","vatecplus@gmail.com","79787358666","910201001","1149204069541","11.01.2019","11.01.2022","295050, РЕСП КРЫМ, Г СИМФЕРОПОЛЬ, УЛ РОСТОВСКАЯ, ДОМ 19Б, ЦОКОЛЬНЫЙ ЭТАЖ, ОФИС 1",295050,"ДЕРЕВЕНСКИЙ АЛЕКСАНДР НИКОЛАЕВИЧ"
58,"ОБЩЕСТВО С ОГРАНИЧЕННОЙ ОТВЕТСТВЕННОСТЬЮ ""ТД АУКЦИОН""","6234174250","td.auction18@gmail.com","79521224642","623401001","1176234030169","11.01.2019","11.01.2022","390005, ОБЛ РЯЗАНСКАЯ, Г РЯЗАНЬ, УЛ СТРОЙКОВА, ДОМ 11, ЛИТЕРА А, ПОМЕЩЕНИЕ Н1 ОФИС 11",390005,"КОВАЛЕНКО ВАЛЕРИЙ ВИКТОРОВИЧ"
59,"ОБЩЕСТВО С ОГРАНИЧЕННОЙ ОТВЕТСТВЕННОСТЬЮ ЧАСТНОЕ ОХРАННОЕ ПРЕДПРИЯТИЕ ""МАРС-М""","7204080688","edelveis9@yandex.ru","79222612602","720301001","1037200658582","11.01.2019","11.01.2022","625056, ОБЛ ТЮМЕНСКАЯ, Г ТЮМЕНЬ, ПРОЕЗД ВОРОНИНСКИЕ ГОРКИ, 101, -, -",625056,"АЛЕКСЕЕВ НИКОЛАЙ АЛЕКСЕЕВИЧ"
60,"ОБЩЕСТВО С ОГРАНИЧЕННОЙ ОТВЕТСТВЕННОСТЬЮ ""ФАРМАЦЕВТ""","3662200663","farmacevt.vrn@mail.ru","74732066313","366201001","1143668012938","11.01.2019","11.01.2022","394049, ОБЛ ВОРОНЕЖСКАЯ, Г ВОРОНЕЖ, УЛ КАРПИНСКОГО, ДОМ 39 Г,",394049,"ПРОСВЕТОВА КСЕНИЯ АЛЕКСЕЕВНА"
61,"ОБЩЕСТВО С ОГРАНИЧЕННОЙ ОТВЕТСТВЕННОСТЬЮ ""АЛЬПЕНШАЙН""","2310124610","9633900@mail.ru","78612461016","231201001","1072310007076","11.01.2019","11.01.2022","350059, КРАЙ КРАСНОДАРСКИЙ, Г. Краснодар, УЛ. ОНЕЖСКАЯ, Д. 35, ПОМЕЩ. 16",350059,"ЖИГАЙЛОВА ТАТЬЯНА ВЛАДИМИРОВНА"
62,"ОБЩЕСТВО С ОГРАНИЧЕННОЙ ОТВЕТСТВЕННОСТЬЮ ""ПРОЕКТ 44""","1661059862","real.zb@yandex.ru","79625577307","166101001","1181690104562","11.01.2019","11.01.2022","420127, РЕСП ТАТАРСТАН, Г КАЗАНЬ, УЛ ДЕМЕНТЬЕВА, ЗД 2Б, КОРПУС 4, ОФИС 338",420127,"ЗИННАТУЛЛИН БУЛАТ ВАГИЗОВИЧ"
63,"ОБЩЕСТВО С ОГРАНИЧЕННОЙ ОТВЕТСТВЕННОСТЬЮ ""АЛЕКССТРОЙ""","6168023922","as-30@bk.ru","78632219318","616501001","1086168004064","11.01.2019","11.01.2022","344016, ОБЛ РОСТОВСКАЯ, Г РОСТОВ-НА-ДОНУ, УЛ ТАГАНРОГСКАЯ, 128 Б,",344016,"ЛЯШЕНКО АЛЕКСАНДР ФЕДОРОВИЧ"
64,"ОБЩЕСТВО С ОГРАНИЧЕННОЙ ОТВЕТСТВЕННОСТЬЮ ""СНАБСЕРВИС""","4345387010","ooo.snabservice@mail.ru","78332472471","434501001","1144345012558","11.01.2019","11.01.2022","610005, ОБЛ КИРОВСКАЯ, Г КИРОВ, УЛ КАРЛА ЛИБКНЕХТА, 37, 192",610005,"КАБЕШОВ АЛЕКСАНДР ВЛАДИМИРОВИЧ"
65,"ОБЩЕСТВО С ОГРАНИЧЕННОЙ ОТВЕТСТВЕННОСТЬЮ ""ВЕБИНАР ТЕХНОЛОГИИ""","7707340808","iva@webinar.ru","74951184444","770701001","1157746417575","11.01.2019","11.01.2022","127055, Г МОСКВА, ПЕР ПРИЮТСКИЙ, ДОМ 3, СТРОЕНИЕ 1,",127055,"АЛЬПЕРН АЛЕКСАНДР ВЕНИАМИНОВИЧ"
66,"ОБЩЕСТВО С ОГРАНИЧЕННОЙ ОТВЕТСТВЕННОСТЬЮ ""ПРЕДПРИЯТИЕ КЛИН ТАЙМ""","9204001633","cleantime@list.ru","7869656457","920401001","1149204002903","11.01.2019","11.01.2022","299011, Г СЕВАСТОПОЛЬ, УЛ ЛЕНИНА, ДОМ 14,",299011,"ДОНЧЕНКО ТАТЬЯНА ГЕННАДЬЕВНА"
67,"ОБЩЕСТВО С ОГРАНИЧЕННОЙ ОТВЕТСТВЕННОСТЬЮ ""РАТИБОР""","3123446305","pavel.v@nxt.ru","74722231252","312301001","1183123031750","11.01.2019","11.01.2022","308004, ОБЛ БЕЛГОРОДСКАЯ, Г БЕЛГОРОД, УЛ ЩОРСА, ДОМ 46Г, ЭТАЖ 2, КАБ 5",308004,"ВАСИЛЬЕВ ПАВЕЛ ВЛАДИМИРОВИЧ"
68,"АВТОНОМНАЯ НЕКОММЕРЧЕСКАЯ ОРГАНИЗАЦИЯ  ""ЭЛЕКТРОСЕРТИФИКАЦИЯ""","7725555034","info@test-electro.ru","74993944156","772501001","1057749204215","11.01.2019","11.01.2022","115191, Г МОСКВА, УЛ МАЛАЯ ТУЛЬСКАЯ, 2/1, 8,",115191,"СУДНОВА ВАЛЕНТИНА ВИКТОРОВНА"
69,"ОБЩЕСТВО С ОГРАНИЧЕННОЙ ОТВЕТСТВЕННОСТЬЮ ""ВАЛБЕРТ""","5012060130","valbert.ru@mail.ru","74959831047","501201001","1105012001335","11.01.2019","11.01.2022","143989, ОБЛ МОСКОВСКАЯ, Г БАЛАШИХА, УЛ МАЯКОВСКОГО (ЖЕЛЕЗНОДОРОЖНЫЙ МКР.), ДОМ 12, ОФИС 325",143989,"МИТРИЧЕНКО ВАЛЕРИЙ ВЛАДИМИРОВИЧ"
70,"ОБЩЕСТВО С ОГРАНИЧЕННОЙ ОТВЕТСТВЕННОСТЬЮ ""АЙ-НОВУС""","7727749758","manager@i-novus.ru","78432122050","165901001","1117746362777","11.01.2019","11.01.2022","420049, РЕСП ТАТАРСТАН, Г КАЗАНЬ, УЛ КАЧАЛОВА, ДОМ 75, ОФИС 1",420049,"ДРАНИЦА ИРИНА АЛЕКСАНДРОВНА"
71,"ОБЩЕСТВО С ОГРАНИЧЕННОЙ ОТВЕТСТВЕННОСТЬЮ ""СТРОИТЕЛЬНАЯ КОМПАНИЯ 21 ВЕК""","7103053896","sk21wek@mail.ru","79105511811","710301001","1187154010120","11.01.2019","11.01.2022","300020, ОБЛ ТУЛЬСКАЯ, Г ТУЛА, УЛ ТОКАРЕВА, ДОМ 89, КВАРТИРА 81",300020,"ГАДЖИЕВ ЯМИН ГАДЖИЕВИЧ"
72,"ОБЩЕСТВО С ОГРАНИЧЕННОЙ ОТВЕТСТВЕННОСТЬЮ ПРОЕКТНОЕ БЮРО ""АРХИТЕК""","6670038628","ht1@mail.ru","79122442202","667001001","1036603534330","11.01.2019","11.01.2022","620137, ОБЛ СВЕРДЛОВСКАЯ, Г ЕКАТЕРИНБУРГ, УЛ БОТАНИЧЕСКАЯ, ДОМ 23, КВАРТИРА 28",620137,"ЧЕРЛОВА НАТАЛЬЯ АРКАДЬЕВНА"
73,"ОБЩЕСТВО С ОГРАНИЧЕННОЙ ОТВЕТСТВЕННОСТЬЮ ""НПСК""","8610018780","npsk78@gmal.com","73467297530","861001001","1068610010260","11.01.2019","11.01.2022","628186, АО ХАНТЫ-МАНСИЙСКИЙ АВТОНОМНЫЙ ОКРУГ - ЮГРА, Г НЯГАНЬ, УЛ ЛАЗАРЕВА, ДОМ 22А, КОРПУС 4,",628186,"ПАТРАКОВ АЛЕКСАНДР ГЕННАДЬЕВИЧ"
74,"ОБЩЕСТВО С ОГРАНИЧЕННОЙ ОТВЕТСТВЕННОСТЬЮ ""СИСТЕМЫ БЕЗОПАСНОСТИ""","7104067524","infosb71@mail.ru","79051101770","710401001","1157154006701","11.01.2019","11.01.2022","300013, ОБЛ ТУЛЬСКАЯ, Г ТУЛА, УЛ СЕРЕБРОВСКАЯ, ДОМ 91, КВАРТИРА 50",300013,"МОНОГАРОВ ПАВЕЛ АЛЕКСЕЕВИЧ"
75,"ОБЩЕСТВО С ОГРАНИЧЕННОЙ ОТВЕТСТВЕННОСТЬЮ ""ТЕПЛОРЕМОНТ""","6454113461","trmsar@mail.ru","78452208522","645401001","1116454007614","11.01.2019","11.01.2022","410017, ОБЛ САРАТОВСКАЯ, Г САРАТОВ, УЛ ШЕЛКОВИЧНАЯ, 37/45 А,",410017,"КУЛИКОВ ДМИТРИЙ БОРИСОВИЧ"
76,"ОБЩЕСТВО С ОГРАНИЧЕННОЙ ОТВЕТСТВЕННОСТЬЮ "" ДИАЛОГ МЕТАЛЛСТРОЙ""","5001100783","dms.msk@bk.ru","79993666555","500101001","1145001003465","11.01.2019","11.01.2022","143908, ОБЛ. МОСКОВСКАЯ, Г. Балашиха, УЛ. ДОРОФЕЕВА, ВЛД. 1, ЭТАЖ 2 ПОМЕЩ. 19А",143908,"МАНУКЯН АРМЕН РУБЕРТОВИЧ"
77,"ОБЩЕСТВО С ОГРАНИЧЕННОЙ ОТВЕТСТВЕННОСТЬЮ ЧАСТНОЕ ОХРАННОЕ ПРЕДПРИЯТИЕ ""ФИРМА СПУРТ-О""","7736026160","spurt-o@mail.ru","74953195815","772601001","1027700205235","11.01.2019","11.01.2022","117587, Г МОСКВА, Ш ВАРШАВСКОЕ, ДОМ 125, СТРОЕНИЕ 1, СЕКЦИЯ 6, ПОДВ., ПОМ.IБ,К.16",117587,"ФЕДОРЧЕНКО ПЕТР НИКОЛАЕВИЧ"
78,"ОБЩЕСТВО С ОГРАНИЧЕННОЙ ОТВЕТСТВЕННОСТЬЮ ""СПЕЦИАЛИЗИРОВАННОЕ МОНТАЖНО-ЭКСПЛУАТАЦИОННОЕ УПРАВЛЕНИЕ""","5903139098","smeu.perm@bk.ru","73422343355","590601001","1185958029070","11.01.2019","11.01.2022","614051, КРАЙ ПЕРМСКИЙ, Г ПЕРМЬ, УЛ СТАРЦЕВА, ДОМ 3, КОРПУС 4, КВАРТИРА 120",614051,"НЕВЕРОВА ВАЛЕНТИНА НИКОЛАЕВНА"
79,"ОБЩЕСТВО С ОГРАНИЧЕННОЙ ОТВЕТСТВЕННОСТЬЮ ""МАЙРА""","2635237285","MAYRA18@MAIL.RU","79383131821","263501001","1182651019528","11.01.2019","11.01.2022","355042, КРАЙ СТАВРОПОЛЬСКИЙ, Г СТАВРОПОЛЬ, УЛ 50 ЛЕТ ВЛКСМ, ДОМ 52, КОРПУС 1, КВАРТИРА 86",355042,"МАКЛЕЦОВ ВЛАДИМИР ВЛАДИМИРОВИЧ"
80,"ЗАКРЫТОЕ АКЦИОНЕРНОЕ ОБЩЕСТВО ""ПРОИЗВОДСТВЕННО-РЕМОНТНОЕ ПРЕДПРИЯТИЕ ""ТЕПЛОРЕМОНТ""","6454017510","office@teploremont.ru","78452413510","645401001","1026403347321","11.01.2019","11.01.2022","410017, ОБЛ САРАТОВСКАЯ, Г САРАТОВ, УЛ ШЕЛКОВИЧНАЯ, 37/45 А,",410017,"ЗАХАРОВ ДЕНИС АНАТОЛЬЕВИЧ"
81,"ОБЩЕСТВО С ОГРАНИЧЕННОЙ ОТВЕТСТВЕННОСТЬЮ ""ПЕЧАТНЫЙ ФОРМАТ""","9729249296","info@pformat.com","74993227251","772901001","1187746090795","11.01.2019","11.01.2022","119619, Г МОСКВА, УЛ 6-Я ЛАЗЕНКИ, ДОМ 2, СТРОЕНИЕ 15, ЭТ 1 ПОМ 11",119619,"САВЧУК АЛЕКСАНДР КОНСТАНТИНОВИЧ"
82,"ОБЩЕСТВО С ОГРАНИЧЕННОЙ ОТВЕТСТВЕННОСТЬЮ ""РЕМОНТНО-СТРОИТЕЛЬНАЯ ФИРМА""","1901043643","rsf19@bk.ru","79083268132","190101001","1021900533236","11.01.2019","11.01.2022","655008, РЕСП ХАКАСИЯ, Г АБАКАН, УЛ СКЛАДСКАЯ, 19,",655008,"НЕШТУН АЛЕКСАНДР ЛЕОНИДОВИЧ"
83,"ОБЩЕСТВО С ОГРАНИЧЕННОЙ ОТВЕТСТВЕННОСТЬЮ ""САРАПУЛТЕПЛОЭНЕРГО""","1827019419","oooste@mail.ru","73414722115","183801001","1031804801863","11.01.2019","11.01.2022","427960, РЕСП УДМУРТСКАЯ, Г САРАПУЛ, УЛ ГОГОЛЯ, 78,",427960,"None"
84,"ЗАКРЫТОЕ АКЦИОНЕРНОЕ ОБЩЕСТВО ""ОДЕЖДА И МОДА""","3728026176","odegdaimoda@rambler.ru","74932531284","370201001","1023700540786","11.01.2019","11.01.2022","153038, ОБЛ ИВАНОВСКАЯ, Г ИВАНОВО, ПР-КТ СТРОИТЕЛЕЙ, ДОМ 6,",153038,"КАУРОВА НИНА ВИКТОРОВНА"
85,"ОБЩЕСТВО С ОГРАНИЧЕННОЙ ОТВЕТСТВЕННОСТЬЮ ""РЕНТГЕНО-ТЕХНИЧЕСКИЙ ЦЕНТР ""АРТИСАН""","7734355602","rtc-artisan@yandex.ru","79255451342","773101001","1157746517642","11.01.2019","11.01.2022","121351, Г МОСКВА, УЛ ПАРТИЗАНСКАЯ, ДОМ 22, КВАРТИРА 41",121351,"КУЛИНИЧ ИЛЬЯ ЛЕОНИДОВИЧ"
86,"ОБЩЕСТВО С ОГРАНИЧЕННОЙ ОТВЕТСТВЕННОСТЬЮ ""ИНФОРМСЕРВИС""","8610013950","avkhadievaa@mail.ru","73467255636","861001001","1028601502214","11.01.2019","11.01.2022","628181, АО ХАНТЫ-МАНСИЙСКИЙ АВТОНОМНЫЙ ОКРУГ - ЮГРА, Г НЯГАНЬ, МКР 2-Й, 3, 46",628181,"None"
87,"ОБЩЕСТВО С ОГРАНИЧЕННОЙ ОТВЕТСТВЕННОСТЬЮ ""КСК ГРУПП""","7810986426","kskgrupp2@bk.ru","79052232512","781001001","1147847195110","11.01.2019","11.01.2022","196084, Г САНКТ-ПЕТЕРБУРГ, ПР-КТ МОСКОВСКИЙ, ДОМ 136, КОРПУС 2 ЛИТЕР А,",196084,"ГНАТЮК МАКСИМ ВАСИЛЬЕВИЧ"
88,"ОБЩЕСТВО С ОГРАНИЧЕННОЙ ОТВЕТСТВЕННОСТЬЮ ""БАРС""","7327047352","barssaf@mail.ru","78422676784","732501001","1087327003466","11.01.2019","11.01.2022","432030, ОБЛ УЛЬЯНОВСКАЯ, Г УЛЬЯНОВСК, УЛ МАЯКОВСКОГО, ДОМ 38,",432030,"САФОНОВА ТАТЬЯНА ВЛАДИМИРОВНА"
89,"ОБЩЕСТВО С ОГРАНИЧЕННОЙ ОТВЕТСТВЕННОСТЬЮ ""АРГО""","7806399094","argo_bk@bk.ru","78125203244","780601001","1089848017269","11.01.2019","11.01.2022","195248, Г САНКТ-ПЕТЕРБУРГ, УЛ БОЛЬШАЯ ПОРОХОВСКАЯ, 46, ЛИТ. А, ПОМ. 1-Н",195248,"ТАРАНЕНКО ЛИАНА АНДРЕЕВНА"
90,"ОБЩЕСТВО С ОГРАНИЧЕННОЙ ОТВЕТСТВЕННОСТЬЮ ""ЦЕНТР БЕЗОПАСНОСТИ ИНФОРМАЦИИ""","5054004240","mon@cbi-info.ru","74955805218","505401001","1025002033110","11.01.2019","11.01.2022","141090, ОБЛ МОСКОВСКАЯ, Г КОРОЛЁВ, УЛ ЛЕНИНСКАЯ (ЮБИЛЕЙНЫЙ МКР), 4, П/П10",141090,"СИДАК АЛЕКСЕЙ АЛЕКСАНДРОВИЧ"
91,"ОБЩЕСТВО С ОГРАНИЧЕННОЙ ОТВЕТСТВЕННОСТЬЮ ""АВТОМОБИЛЬНЫЕ ДОРОГИ ПСКОВА""","6027124558","adpskov@gmail.com","79118936839","602701001","1096027015391","11.01.2019","11.01.2022","180019, ОБЛ ПСКОВСКАЯ, Г ПСКОВ, УЛ ТЕКСТИЛЬНАЯ, 7,",180019,"ГУБИН ЮРИЙ ИВАНОВИЧ"
92,"ОБЩЕСТВО С ОГРАНИЧЕННОЙ ОТВЕТСТВЕННОСТЬЮ ""КОМПА ГРУПП""","7838427259","svn@compa.spb.ru","79119212952","784001001","1097847150224","11.01.2019","11.01.2022","191119, Г САНКТ-ПЕТЕРБУРГ, УЛ КОЛОМЕНСКАЯ, ДОМ 31, ЛИТЕР А, ПОМЕЩЕНИЕ 2-Н",191119,"СМИРНОВ ВАСИЛИЙ НИКОЛАЕВИЧ"
93,"ОБЩЕСТВО С ОГРАНИЧЕННОЙ ОТВЕТСТВЕННОСТЬЮ ""ГЛОБАЛСТРОЙГРУПП""","7713460162","globalstroygroup@mail.ru","79096666962","771301001","1187746639794","11.01.2019","11.01.2022","127411, Г МОСКВА, Ш ДМИТРОВСКОЕ, ДОМ 157, СТРОЕНИЕ 7, ОФИС  7223 ЭТАЖ 2",127411,"АФАНАСЬЕВ МАКСИМ ВЛАДИМИРОВИЧ"
94,"ОБЩЕСТВО С ОГРАНИЧЕННОЙ ОТВЕТСТВЕННОСТЬЮ ""ОХРАННОЕ АГЕНТСТВО ""ПАТРИОТ""","6143097231","patriot525@inbox.ru","79287785993","614301001","1186196054384","11.01.2019","11.01.2022","347360, ОБЛ РОСТОВСКАЯ, Г ВОЛГОДОНСК, ПЕР ВОКЗАЛЬНЫЙ, ДОМ 56, ПОМЕЩЕНИЕ XI",347360,"ВАСИЛЬЕВ АНДРЕЙ ВИКТОРОВИЧ"
95,"ОБЩЕСТВО С ОГРАНИЧЕННОЙ ОТВЕТСТВЕННОСТЬЮ ""НОУТИС. ИНФОРМАЦИОННЫЕ ТЕХНОЛОГИИ""","1001095007","sales@notice.ru","78142599901","100101001","1021000507945","11.01.2019","11.01.2022","185011, РЕСП КАРЕЛИЯ, Г ПЕТРОЗАВОДСК, УЛ ТОРНЕВА (КУККОВКА Р-Н), 5А,",185011,"ЛАРИОНОВ ЮРИЙ ИВАНОВИЧ"
96,"МЕЖРЕГИОНАЛЬНАЯ ОБЩЕСТВЕННАЯ ОРГАНИЗАЦИЯ МАСТЕРОВ ДЕКОРАТИВНОГО И ПРИКЛАДНОГО ИСКУССТВА ""ПАЛАТА РЕМЕСЕЛ""","7801236096","palata-remesel@mail.ru","78123094277","783801001","1037858029703","11.01.2019","11.01.2022","190000, Г САНКТ-ПЕТЕРБУРГ, УЛ ГАЛЕРНАЯ, ДОМ 48, ЛИТЕРА А, ПОМЕЩЕНИЕ 13-Н",190000,"КАТКОВ СЕРГЕЙ АНАТОЛЬЕВИЧ"
97,"ОБЩЕСТВО С ОГРАНИЧЕННОЙ ОТВЕТСТВЕННОСТЬЮ ""МК-ГРУЗСТРОЙ""","6732120498","ooo_srs_2014@mail.ru","79156476797","673201001","1166733053728","11.01.2019","11.01.2022","214036, ОБЛ СМОЛЕНСКАЯ, Г СМОЛЕНСК, УЛ ПОПОВА, ДОМ 52А, КВАРТИРА 87",214036,"КАКУТИА МЕВЛУД ЕМРИКОЕВИЧ"
98,"ОБЩЕСТВО С ОГРАНИЧЕННОЙ ОТВЕТСТВЕННОСТЬЮ ""ГОСТСТРОЙ""","4401187586","info@gosttorgi.ru","79109210111","440101001","1184401003467","11.01.2019","11.01.2022","156007, ОБЛ КОСТРОМСКАЯ, Г КОСТРОМА, УЛ ЛЕНИНА, ДОМ 155, КВАРТИРА 31",156007,"None"
99,"ОБЩЕСТВО С ОГРАНИЧЕННОЙ ОТВЕТСТВЕННОСТЬЮ ""АМОССО""","6163142683","tender@amosso.ru","79649055917","616301001","1156196059249","11.01.2019","11.01.2022","344002, ОБЛ РОСТОВСКАЯ, Г РОСТОВ-НА-ДОНУ, УЛ ПУШКИНСКАЯ, ДОМ 80,",344002,"Лукьянова Ксения Николаевна"
100,"ОБЩЕСТВО С ОГРАНИЧЕННОЙ ОТВЕТСТВЕННОСТЬЮ ""АТРИ-ЭНЕРГО""","1840013705","pvs@atri-energo.ru","73412908123","184001001","1121840009048","11.01.2019","11.01.2022","426053,  РЕСП УДМУРТСКАЯ18,  Г ИЖЕВСК,  УЛ САЛЮТОВСКАЯ,  ДОМ 5,  ПОМЕЩЕНИЕ 10",426053,"НЕКОПЫТКИН АНТОН ВИКТОРОВИЧ"
101,"ОБЩЕСТВО С ОГРАНИЧЕННОЙ ОТВЕТСТВЕННОСТЬЮ ""АКТИВ ТЕХНОСЕРВИС""","9102003494","info@akkumpower.com","79787078767","910201001","1149102004370","11.01.2019","11.01.2022","295023, РЕСП КРЫМ, Г СИМФЕРОПОЛЬ, УЛ БЕСПАЛОВА, ДОМ 154,",295023,"КАРАЧЕВСКИЙ СЕРГЕЙ АЛЕКСАНДРОВИЧ"
102,"ОБЩЕСТВО С ОГРАНИЧЕННОЙ ОТВЕТСТВЕННОСТЬЮ ""ТЕХНОМИР - ВОСТОК""","2464236105","2286786@mail.ru","73912286786","246401001","1112468045007","11.01.2019","11.01.2022","660052,  КРАЙ КРАСНОЯРСКИЙ24,  Г КРАСНОЯРСК,  УЛ ЗАТОНСКАЯ,  62,  СТРОЕНИЕ 1,",660052,"БУЗМАКОВ ПАВЕЛ ЮРЬЕВИЧ"
103,"МУНИЦИПАЛЬНОЕ УНИТАРНОЕ ПРЕДПРИЯТИЕ ""ЛИПЕЦКИЙ ПАССАЖИРСКИЙ ТРАНСПОРТ""","4823052820","zakupki@liptrans.ru","74742501641","482301001","1114823014140","11.01.2019","11.01.2022","398005, ОБЛ ЛИПЕЦКАЯ, Г ЛИПЕЦК, УЛ ФЕРРОСПЛАВНАЯ, 17,",398005,"None"
104,"ОБЩЕСТВО С ОГРАНИЧЕННОЙ ОТВЕТСТВЕННОСТЬЮ ""МИР КЛИМАТА""","1327013088","rogachevmp@gmail.com","78342313555","132701001","1111327000817","11.01.2019","11.01.2022","430034, РЕСП МОРДОВИЯ, Г САРАНСК, УЛ ЛОДЫГИНА, ДОМ 3, ОФИС 409",430034,"РОГАЧЕВ МИХАИЛ ПЕТРОВИЧ"
105,"ОБЩЕСТВО С ОГРАНИЧЕННОЙ ОТВЕТСТВЕННОСТЬЮ ""УНИТА""","6670342508","info@unita-group.ru","73433785596","667001001","1116670017804","11.01.2019","11.01.2022","620072, ОБЛ СВЕРДЛОВСКАЯ, Г ЕКАТЕРИНБУРГ, УЛ СЫРОМОЛОТОВА, 20, 374",620072,"ШАМАНСКАЯ ЯНИНА ВЯЧЕСЛАВОВНА"
106,"ОБЩЕСТВО С ОГРАНИЧЕННОЙ ОТВЕТСТВЕННОСТЬЮ ""ТАМБОВСКИЙ АСФАЛЬТ""","6829019389","asfalt-tambov@mail.ru","74752494785","682901001","1066829014218","11.01.2019","11.01.2022","392018, ОБЛ. ТАМБОВСКАЯ, Г. Тамбов, УЛ. МИЧУРИНСКАЯ, Д. 50/18А,",392018,"И. о. мирового судьи судебного участка № 1 – мировой судья судебного участка № 2 Октябрьского района г. Тамбова"
107,"ОБЩЕСТВО С ОГРАНИЧЕННОЙ ОТВЕТСТВЕННОСТЬЮ ""АРИА-МЕД""","7813448585","area-med@mail.ru","79217552818","781301001","1097847202595","11.01.2019","11.01.2022","197198, Г САНКТ-ПЕТЕРБУРГ, ПР-КТ БОЛЬШОЙ П.С., 18, ЛИТЕР А, ПОМЕЩЕНИЕ 12-Н",197198,"ПРОСЯНИК АЛЕКСЕЙ АЛЕКСАНДРОВИЧ"
108,"ОБЩЕСТВО С ОГРАНИЧЕННОЙ ОТВЕТСТВЕННОСТЬЮ""АРТРОН КОМПЬЮТЕРС""","7709390138","ulyanov@artron.ru","74957898580","770901001","1027709017742","11.01.2019","11.01.2022","109147, Г МОСКВА, УЛ ВОРОНЦОВСКАЯ, ДОМ 35Б, КОРПУС 1, Э 1 ПОМ I КОМН 2",109147,"УЛЬЯНОВ АЛЕКСЕЙ ВЛАДИМИРОВИЧ"
109,"ОБЩЕСТВО С ОГРАНИЧЕННОЙ ОТВЕТСТВЕННОСТЬЮ ""МЕЖРЕГИОНАЛЬНЫЙ ЦЕНТР СУДЕБНЫХ ЭКСПЕРТИЗ И ОЦЕНКИ""","6154561984","kandy999@mail.ru","78005500448","616301001","1096154003351","11.01.2019","11.01.2022","344022, ОБЛ. РОСТОВСКАЯ, Г. Ростов-на-Дону, УЛ. БОЛЬШАЯ САДОВАЯ, Д. 150, ЭТАЖ 3 КОМ. 1",344022,"КАНДИКУДРЯКОВ-ТИГРАНН НИКОЛАЙ НИКОЛАЕВИЧ"
110,"ОБЩЕСТВО С ОГРАНИЧЕННОЙ ОТВЕТСТВЕННОСТЬЮ ""АВАЛОН""","8601052880","bulygin-vn@rambler.ru","79505040541","860101001","1148601001768","11.01.2019","11.01.2022","628010, АО ХАНТЫ-МАНСИЙСКИЙ АВТОНОМНЫЙ ОКРУГ - ЮГРА, Г ХАНТЫ-МАНСИЙСК, УЛ ВАСИЛЬКОВАЯ, 19, 7",628010,"БУЛЫГИН ВИКТОР НИКОЛАЕВИЧ"
111,"ОБЩЕСТВО С ОГРАНИЧЕННОЙ ОТВЕТСТВЕННОСТЬЮ МОЛОДЕЖНОЕ ПРОИЗВОДСТВЕННОЕ ОБЪЕДИНЕНИЕ ""ВОРОНЕЖ"" - ОБЛАСТНОЙ ШТАБ СТУДЕНЧЕСКИХ ОТРЯДОВ","3666041157","torgi@tdvoronezh.ru","74732597373","366401001","1033600058304","11.01.2019","11.01.2022","394030, ОБЛ ВОРОНЕЖСКАЯ, Г ВОРОНЕЖ, УЛ КОЛЬЦОВСКАЯ, ДОМ 62, ОФИС 30",394030,"ГРЕКОВ АЛЕКСАНДР МИХАЙЛОВИЧ"
112,"ОБЩЕСТВО С ОГРАНИЧЕННОЙ ОТВЕТСТВЕННОСТЬЮ ТОРГОВЫЙ ДОМ ""ЭЛЕКТРОМАШ""","6150061243","info@tdelectromash.com","78635221521","615001001","1096183003400","11.01.2019","11.01.2022","346400, ОБЛ РОСТОВСКАЯ, Г НОВОЧЕРКАССК, УЛ ПРОСВЕЩЕНИЯ, 106Б,",346400,"СУЛЕЙМАНОВ АРСЕН АЛИЕВИЧ"
113,"ОБЩЕСТВО С ОГРАНИЧЕННОЙ ОТВЕТСТВЕННОСТЬЮ ""КОЛЬВИНИЯ""","7704457011","kolvinia@gmail.com","79269075758","770401001","1187746578755","11.01.2019","11.01.2022","119048, Г МОСКВА, УЛ ЕФРЕМОВА, ДОМ 20, Э 1 П I КОМ 4 ОФ 120",119048,"ХВОРОСТ АЛЕКСАНДР СЕРГЕЕВИЧ"
114,"ОБЩЕСТВО С ОГРАНИЧЕННОЙ ОТВЕТСТВЕННОСТЬЮ ""СЕВЕРО-ЗАПАДНАЯ МЕТИЗНАЯ КОМПАНИЯ""","7805628810","shtal@mtk-fortuna.ru","79219960855","782001001","1137847310501","11.01.2019","11.01.2022","196626, Г САНКТ-ПЕТЕРБУРГ, П ШУШАРЫ, ПРОЕЗД 2-Й БАДАЕВСКИЙ, ДОМ 1, ЛИТЕР А, ПОМЕЩЕНИЕ 103, ОФИС 1",196626,"АЛЕКСЕЕВ СТАНИСЛАВ АЛЕКСЕЕВИЧ"
115,"ОБЩЕСТВО С ОГРАНИЧЕННОЙ ОТВЕТСТВЕННОСТЬЮ ""ГАЗСЕРФ""","7719818260","info@gazsurf.com","74959297148","772801001","1127746593974","11.01.2019","11.01.2022","117342, Г МОСКВА, УЛ БУТЛЕРОВА, ДОМ 17Б, Э 2 ПОМ XI К 60Е ОФ 159",117342,"БОЧАРОВА АЛЕКСАНДРА ВЛАДИМИРОВНА"
116,"ОБЩЕСТВО С ОГРАНИЧЕННОЙ ОТВЕТСТВЕННОСТЬЮ ""УРАЛ-СЕРВИС""","0277132254","bosufa@mail.ru","89173424138","027701001","1130280065112","11.01.2019","11.01.2022","450081, РЕСП БАШКОРТОСТАН, Г УФА, УЛ ШОТА РУСТАВЕЛИ, ДОМ 29, КВАРТИРА 41",450081,"ФЕДОРОВА ТАТЬЯНА ВАСИЛЬЕВНА"
117,"ОБЩЕСТВО С ОГРАНИЧЕННОЙ ОТВЕТСТВЕННОСТЬЮ ""КЦСПМ ИННОВАЦИИ""","7703806679","info@kcspm.ru","74959001008","773001001","1147746190679","11.01.2019","11.01.2022","121170, Г МОСКВА, ПР-КТ КУТУЗОВСКИЙ, ДОМ 36, СТРОЕНИЕ 3, ЭТ ЧЕРДАК ПОМ I КОМ 25",121170,"СИДОРИНА НАТАЛИЯ АЛЕКСАНДРОВНА"
118,"МУНИЦИПАЛЬНОЕ УНИТАРНОЕ ПРЕДПРИЯТИЕ ""ПАССАЖИРСКИЕ ПЕРЕВОЗКИ"" МУНИЦИПАЛЬНОГО ОБРАЗОВАНИЯ ГОРОД НОЯБРЬСК","8905028448","muppp89@yandex.ru","73496354511","890501001","1028900709892","11.01.2019","11.01.2022","629811, АО ЯМАЛО-НЕНЕЦКИЙ, Г НОЯБРЬСК, ТЕР ПРОМУЗЕЛ ПЕЛЕЙ, ПАНЕЛЬ X, ПРОЕЗД 4,",629811,"ХАРЧЕНКО ОЛЕГ ВАЛЕРИЕВИЧ"
119,"ОБЩЕСТВО С ОГРАНИЧЕННОЙ ОТВЕТСТВЕННОСТЬЮ «ИНИШИТИВ РУС»","7704231173","Ekaterina.Podlesskikh@mbww.ru","74957753601","772601001","1027739151230","11.01.2019","11.01.2022","117105, Г МОСКВА, Ш ВАРШАВСКОЕ, ДОМ 17, ОФИС 317",117105,"None"
120,"ОБЩЕСТВО С ОГРАНИЧЕННОЙ ОТВЕТСТВЕННОСТЬЮ ""ПРОФКАДАСТР""","6027162560","profkadastr@mail.ru","78112605625","602701001","1156027003406","11.01.2019","11.01.2022","180017, ОБЛ ПСКОВСКАЯ, Г ПСКОВ, УЛ СОВЕТСКАЯ, ДОМ 56/2, ПОМЕЩЕНИЕ 1001",180017,"ТИХОМИРОВ АЛЕКСАНДР ВАСИЛЬЕВИЧ"
121,"ОБЩЕСТВО С ОГРАНИЧЕННОЙ ОТВЕТСТВЕННОСТЬЮ ""ДОРКОЛОР""","7816382685","rockzona@rambler.ru","79219091420","781601001","1067847228020","11.01.2019","11.01.2022","192102, Г САНКТ-ПЕТЕРБУРГ, УЛ САЛОВА, ДОМ 57, КОРПУС 5 ЛИТЕР А, ПОМЕЩЕНИЕ 1Н:20, 21",192102,"ТРОИЦКИЙ СЕРГЕЙ АЛЕКСАНДРОВИЧ"
122,"ОБЩЕСТВО С ОГРАНИЧЕННОЙ ОТВЕТСТВЕННОСТЬЮ ""ОПТИМЕКС""","2635122083","optemeks@yandex.ru","79624487007","263501001","1092635001227","11.01.2019","11.01.2022","355042, КРАЙ СТАВРОПОЛЬСКИЙ, Г СТАВРОПОЛЬ, ПРОЕЗД 2 ЮГО-ЗАПАДНЫЙ, ДОМ 2Г, ОФИС 37",355042,"СОТНИКОВА НАТАЛЬЯ МИХАЙЛОВНА"
123,"ОБЩЕСТВО С ОГРАНИЧЕННОЙ ОТВЕТСТВЕННОСТЬЮ МЕЖРЕГИОНАЛЬНАЯ СПЕЦИАЛИЗИРОВАННАЯ ОРГАНИЗАЦИЯ ""ЦЕННЫЙ СОВЕТНИК""","5836673022","info@censovet.ru","78412233193","583701001","1155836002948","11.01.2019","11.01.2022","440046, ОБЛ ПЕНЗЕНСКАЯ, Г ПЕНЗА, УЛ ПОПОВА, СТР 36, КОМНАТА 22",440046,"МАКАРОВ ВИТАЛИЙ ВЛАДИМИРОВИЧ"
124,"ОБЩЕСТВО С ОГРАНИЧЕННОЙ ОТВЕТСТВЕННОСТЬЮ ""КОММЕРЧЕСКОЕ ПРЕДПРИЯТИЕ ТЕХМЕД""","4025082531","kptexmed@gmail.com","74843928515","402501001","1054002520065","12.01.2019","12.01.2022","249033,  ОБЛ КАЛУЖСКАЯ40,  Г ОБНИНСК,  УЛ БЛОХИНЦЕВА,  ДОМ 12,  ПОМЕЩЕНИЕ 17",249033,"ПАЛАМАРЧУК ОЛЕГ ПАВЛОВИЧ"
125,"ОБЩЕСТВО С ОГРАНИЧЕННОЙ ОТВЕТСТВЕННОСТЬЮ ""ДМ-ЭКСПЕРТ""","7724420740","info@dm-expert.ru","74994904628","771701001","5177746010437","11.01.2019","11.01.2022","129085, Г. МОСКВА, УЛ. БОЛЬШАЯ МАРЬИНСКАЯ, Д. 10, ЭТАЖ 1 ПОМЕЩ. 3",129085,"None"
126,"ОБЩЕСТВО С ОГРАНИЧЕННОЙ ОТВЕТСТВЕННОСТЬЮ ""ЮЕС-КОНСАЛТ""","3905604759","etp1063@eltox.ru","74012777880","390601001","1083925034820","11.01.2019","11.01.2022","236003, ОБЛ КАЛИНИНГРАДСКАЯ, Г КАЛИНИНГРАД, УЛ ТОЛБУХИНА, ДОМ 29,",236003,"ЗВЕРЕВ ВЛАДИМИР НИКОЛАЕВИЧ"
127,"ОБЩЕСТВО С ОГРАНИЧЕННОЙ ОТВЕТСТВЕННОСТЬЮ ""ТЕХНОГРАД""","5010053995","texnogradt@bk.ru","79167439183","501001001","1175007016139","11.01.2019","11.01.2022","141980, ОБЛ МОСКОВСКАЯ, Г ДУБНА, УЛ САХАРОВА А.Д., ДОМ 4, ЭТАЖ 1 ПОМЕЩЕНИЕ I ОФИС 22",141980,"None"
128,"ОБЩЕСТВО С ОГРАНИЧЕННОЙ ОТВЕТСТВЕННОСТЬЮ ""АМПИР""","7806121973","skampir@bk.ru","78126586343","780601001","1027804176388","11.01.2019","11.01.2022","195112, Г САНКТ-ПЕТЕРБУРГ, ПР-КТ УТКИН, 13, 14, ЛИТ.А",195112,"КОРОВИН СЕРГЕЙ ПАВЛОВИЧ"
129,"ОБЩЕСТВО С ОГРАНИЧЕННОЙ ОТВЕТСТВЕННОСТЬЮ ""СЕРВИС - ТЕХНИКА""","6454084838","cherakaev-w@yandex.ru","79272778957","645401001","1076454002052","11.01.2019","11.01.2022","410017, ОБЛ САРАТОВСКАЯ, Г САРАТОВ, УЛ ИМ ЧЕРНЫШЕВСКОГО Н.Г., 94, ""А"",",410017,"ЧЕРАКАЕВ ВАЛЕРИЙ ЮРЬЕВИЧ"
130,"ОБЩЕСТВО С ОГРАНИЧЕННОЙ ОТВЕТСТВЕННОСТЬЮ ""ВИМКОМ""","0901040785","79094960856@ya.ru","78782200202","090101001","1020900511191","11.01.2019","11.01.2022","369000, РЕСП КАРАЧАЕВО-ЧЕРКЕССКАЯ, Г ЧЕРКЕССК, ПЕР ОДЕССКИЙ, 11 А,",369000,"МЕДВЕДЕВ ИГОРЬ НИКОЛАЕВИЧ"
131,"ОБЩЕСТВО С ОГРАНИЧЕННОЙ ОТВЕТСТВЕННОСТЬЮ ""РЕАЛ""","1513070654","igoroooreal@gmail.com","79284823262","151301001","1181513002660","11.01.2019","11.01.2022","362045, РЕСП СЕВЕРНАЯ ОСЕТИЯ - АЛАНИЯ, Г ВЛАДИКАВКАЗ, УЛ АСТАНА КЕСАЕВА, ДОМ 34А, ЭТАЖ 1",362045,"КЦОЕВА КРИСТИНА ХАЗБИЕВНА"
132,"ОБЩЕСТВО С ОГРАНИЧЕННОЙ ОТВЕТСТВЕННОСТЬЮ ""УНИВЕРСАЛЬНЫЕ ТЕХНОЛОГИИ""","3906179240","unitehkd@gmail.com","74012333200","390601001","1073906027777","11.01.2019","11.01.2022","236010, ОБЛ КАЛИНИНГРАДСКАЯ, Г КАЛИНИНГРАД, УЛ БРУСНИЧНАЯ, 5-13,",236010,"ЭПШТЕЙН ВАЛЕРИЙ МИХАЙЛОВИЧ"
133,"ОБЩЕСТВО С ОГРАНИЧЕННОЙ ОТВЕТСТВЕННОСТЬЮ ""АКТИВСПЕЦПРОЕКТ""","2635237260","APX-26@yandex.ru","79624008201","263501001","1182651019430","11.01.2019","11.01.2022","355035, КРАЙ СТАВРОПОЛЬСКИЙ, Г СТАВРОПОЛЬ, УЛ 3 ПРОМЫШЛЕННАЯ, ДОМ 10 ""А"", КАБИНЕТ 211",355035,"ЕРМАКОВ ВЛАДИМИР НИКОЛАЕВИЧ"
134,"ОБЩЕСТВО С ОГРАНИЧЕННОЙ ОТВЕТСТВЕННОСТЬЮ ""МЕДИТЕК""","3702727642","medi-tech@yandex.ru","0079158311245","370201001","1143702010264","11.01.2019","11.01.2022","153034, ОБЛ ИВАНОВСКАЯ, Г ИВАНОВО, УЛ ОГОРОДНАЯ, 33,",153034,"Филиппов Андрей Владимирович"
135,"ЧАСТНОЕ ОБРАЗОВАТЕЛЬНОЕ УЧРЕЖДЕНИЕ ДОПОЛНИТЕЛЬНОГО ПРОФЕССИОНАЛЬНОГО ОБРАЗОВАНИЯ ""СЕВЕРО-ЗАПАДНЫЙ ИНСТИТУТ ДОПОЛНИТЕЛЬНОГО ПРОФЕССИОНАЛЬНОГО ОБРАЗОВАНИЯ""","3525162470","szidpo@gmail.com","79115014747","352501001","1063525030733","11.01.2019","11.01.2022","160034, ОБЛ ВОЛОГОДСКАЯ, Г ВОЛОГДА, УЛ НОВГОРОДСКАЯ, ДОМ 9В,",160034,"Клепиков Евгений Данилович"
136,"ОБЩЕСТВО С ОГРАНИЧЕННОЙ ОТВЕТСТВЕННОСТЬЮ ""РЕСТАВРАТОР""","1655271243","Nevis1973@gmail.com","79600488288","165501001","1131690040041","11.01.2019","11.01.2022","420049, РЕСП ТАТАРСТАН, Г КАЗАНЬ, УЛ СПАРТАКОВСКАЯ, ДОМ 2, ПОМЕЩЕНИЕ 281",420049,"ХАСАНОВ РУСТЕМ РИНАТОВИЧ"
137,"ОБЩЕСТВО С ОГРАНИЧЕННОЙ ОТВЕТСТВЕННОСТЬЮ ""СПЛАЙН""","9102031438","ooosplain@gmail.com","79788245724","910201001","1149102054331","11.01.2019","11.01.2022","295034, РЕСП КРЫМ, Г СИМФЕРОПОЛЬ, УЛ КИЕВСКАЯ, ДОМ 122, КВАРТИРА 23",295034,"ПОДДУБНЯК АЛЕКСЕЙ НИКОЛАЕВИЧ"
138,"ОБЩЕСТВО С ОГРАНИЧЕННОЙ ОТВЕТСТВЕННОСТЬЮ ""ВИАМЕДТЕХНИКА""","8905065471","viamedteh@mail.ru","79220995192","890501001","1188901005226","11.01.2019","11.01.2022","629807, АО ЯМАЛО-НЕНЕЦКИЙ, Г НОЯБРЬСК, УЛ ЛЕНИНА, ДОМ 54А, КВАРТИРА 25",629807,"ЧУРАКОВА ОРЫСЯ ГЕОРГИЕВНА"
139,"ОБЩЕСТВО С ОГРАНИЧЕННОЙ ОТВЕТСТВЕННОСТЬЮ ""ДОНТЕХПРОЕКТ""","6141031676","dontehproekt@rambler.ru","78632276132","614101001","1086181001719","11.01.2019","11.01.2022","346880, ОБЛ РОСТОВСКАЯ, Г БАТАЙСК, УЛ ФРУНЗЕ, 89,",346880,"ЗАДОРОЖНИЙ ДЕНИС ВЛАДИМИРОВИЧ"
140,"ОБЩЕСТВО С ОГРАНИЧЕННОЙ ОТВЕТСТВЕННОСТЬЮ ""Т.Ц.М-1""","9204006712","olga.mazova.1@mail.ru","79787971178","920401001","1149204012748","11.01.2019","11.01.2022","299029, Г СЕВАСТОПОЛЬ, ПР-КТ ГЕНЕРАЛА ОСТРЯКОВА, ДОМ 64, ПОМЕЩЕНИЕ 1",299029,"МАЗОВА ОЛЬГА ВЯЧЕСЛАВОВНА"
141,"ОБЩЕСТВО С ОГРАНИЧЕННОЙ ОТВЕТСТВЕННОСТЬЮ ""ЭМЛАБ""","5036093343","2003oleg@mail.ru","79153420944","503601001","1085074010614","12.01.2019","12.01.2022","142100,  ОБЛ МОСКОВСКАЯ50,  Г ПОДОЛЬСК,  УЛ ТЕПЛИЧНАЯ,  10,  86",142100,"Кудрявцев Олег Борисович"
142,"ЗАКРЫТОЕ АКЦИОНЕРНОЕ ОБЩЕСТВО ""КОНСАЛТИНГАУДИТ ""УРАЛЬСКИЙ СОЮЗ""","7716103289","uralsoyuz.ru@mail.ru","74952320204","770901001","1037700021765","12.01.2019","12.01.2022","109004,  Г МОСКВА77,  ПЕР ФАКЕЛЬНЫЙ Б.,  3,  145",109004,"РИЗВАНОВА МАРИНА ВИКТОРОВНА"
143,"ОБЩЕСТВО С ОГРАНИЧЕННОЙ ОТВЕТСТВЕННОСТЬЮ ""ССВ""","5834040264","ooo.ssv@mail.ru","78412636447","583701001","1075834004674","12.01.2019","12.01.2022","440052,  ОБЛ ПЕНЗЕНСКАЯ58,  Г ПЕНЗА,  УЛ КРАСНАЯ ГОРКА,  ДОМ 36,  КВАРТИРА 45",440052,"СМИРНОВ СЕРГЕЙ ВАДИМОВИЧ"
144,"ОБЩЕСТВО С ОГРАНИЧЕННОЙ ОТВЕТСТВЕННОСТЬЮ ""УНИВЕРСАЛЬНАЯ КОМПАНИЯ""","3904062398","unikom2018@mail.ru","79217100356","390601001","1043900849959","12.01.2019","12.01.2022","236029,  ОБЛ КАЛИНИНГРАДСКАЯ39,  Г КАЛИНИНГРАД,  УЛ ПОЛКОВНИКА ЕФРЕМОВА,  4,  48",236029,"ТИМОШЕНКО СВЕТЛАНА МИХАЙЛОВНА"
145,"ОБЩЕСТВО С ОГРАНИЧЕННОЙ ОТВЕТСТВЕННОСТЬЮ ""АРТЕФАКТ""","7326025155","979257@gmail.com","79510979257","732501001","1057326036294","12.01.2019","12.01.2022","432027,  ОБЛ УЛЬЯНОВСКАЯ73,  Г УЛЬЯНОВСК,  УЛ РАДИЩЕВА,  149,",432027,"НОВИКОВА МАРИЯ АЛЕКСЕЕВНА"
146,"ОБЩЕСТВО С ОГРАНИЧЕННОЙ ОТВЕТСТВЕННОСТЬЮ ""ЦЕНТР""","7720662410","center.food@yandex.ru","74950980250","772001001","1097746368114","12.01.2019","12.01.2022","111397,  Г МОСКВА77,  ПР-КТ ЗЕЛЁНЫЙ,  20,  ОФИС 809",111397,"КРАСНОВ СЕРГЕЙ НИКОЛАЕВИЧ"
147,"ОБЩЕСТВО С ОГРАНИЧЕННОЙ ОТВЕТСТВЕННОСТЬЮ ""СОВРЕМЕННЫЕ ИНЖЕНЕРНЫЕ СИСТЕМЫ""","1841027891","office@bvmz.ru","79128552203","184001001","1121841005714","12.01.2019","12.01.2022","426050,  РЕСП УДМУРТСКАЯ18,  Г ИЖЕВСК,  УЛ 9 ЯНВАРЯ,  ДОМ 261,  КОМНАТА 12",426050,"ПЕТУХОВ АЛЕКСАНДР ВЛАДИМИРОВИЧ"
148,"ОБЩЕСТВО С ОГРАНИЧЕННОЙ ОТВЕТСТВЕННОСТЬЮ ""НОВОЧЕРКАССКАУДИТ-93""","6150030654","novochaudit@mail.ru","78636227305","615001001","1026102215226","12.01.2019","12.01.2022","346400,  ОБЛ РОСТОВСКАЯ61,  Г НОВОЧЕРКАССК,  УЛ МИХАЙЛОВСКАЯ,  164А,  1,  315",346400,"КРАВЧИК ЛЮДМИЛА ВИТАЛЬЕВНА"
149,"ЗАКРЫТОЕ АКЦИОНЕРНОЕ ОБЩЕСТВО ""Т-ПРОДЖЕКТ""","7840309774","labin@t-project.ru","79219388475","780501001","1047855170406","12.01.2019","12.01.2022","198216, Г САНКТ-ПЕТЕРБУРГ78, ПР-КТ ТРАМВАЙНЫЙ, 14, ОФИС 403",198216,"ЛАБИН СЕРГЕЙ МИХАЙЛОВИЧ"
150,"ОБЩЕСТВО С ОГРАНИЧЕННОЙ ОТВЕТСТВЕННОСТЬЮ ""СУББСТРОЙКОМПАНИ""","4632168799","subbstroikompani@yandex.ru","74712770217","463201001","1124632012560","12.01.2019","12.01.2022","305040,  ОБЛ КУРСКАЯ46,  Г КУРСК,  УЛ 50 ЛЕТ ОКТЯБРЯ,  122,  ЛИТЕР Б 1,  ОФИС 1",305040,"СУББОТА ВИТАЛИЙ НИКОЛАЕВИЧ"
151,"ОБЩЕСТВО С ОГРАНИЧЕННОЙ ОТВЕТСТВЕННОСТЬЮ ""СКС""","5610157587","tender@ckcoren.ru","79022485006","560901001","1135658036656","12.01.2019","12.01.2022","460019,  ОБЛ ОРЕНБУРГСКАЯ56,  Г ОРЕНБУРГ,  УЛ ГРАЖДАНСКАЯ (ПОСЕЛОК КУШКУЛЬ МКР.),  ДОМ 26,  КВАРТИРА 1",460019,"СУХОВ СЕРГЕЙ ВЛАДИМИРОВИЧ"
152,"ОБЩЕСТВО С ОГРАНИЧЕННОЙ ОТВЕТСТВЕННОСТЬЮ НАУЧНО-ПРОИЗВОДСТВЕННАЯ КОМПАНИЯ ""К-СИСТЕМ""","1659168110","info.k-system@mail.ru","79063297696","165901001","1161690065415","12.01.2019","12.01.2022","420066,  РЕСП ТАТАРСТАН16,  Г КАЗАНЬ,  УЛ СКЛАДСКАЯ,  ДОМ 4,  ЛИТЕРА Г,  ПОМЕЩЕНИЕ 4-4",420066,"ХАСБИУЛЛИН ЛЕНАР ХАМИДОВИЧ"
153,"ОБЩЕСТВО С ОГРАНИЧЕННОЙ ОТВЕТСТВЕННОСТЬЮ ""ОБЪЕДИНЕНИЕ ""РОСБИЗНЕСТУР""","7802109132","marketing@rb-tourism.ru","78123351313","780401001","1027801566451","12.01.2019","12.01.2022","195009,  Г САНКТ-ПЕТЕРБУРГ78,  УЛ КОМСОМОЛА,  41,  ЛИТ. А,  ПОМ. 6-Н ОФИС 210",195009,"СМИРНОВ ЕВГЕНИЙ НИКОЛАЕВИЧ"
154,"ОБЩЕСТВО С ОГРАНИЧЕННОЙ ОТВЕТСТВЕННОСТЬЮ ""ВИА ""КОНСУЛЬТАНТ""","3666178024","veda@consultant.vrn.ru","74732226622","366601001","1123668017428","12.01.2019","12.01.2022","394018,  ОБЛ ВОРОНЕЖСКАЯ36,  Г ВОРОНЕЖ,  УЛ ПЛЕХАНОВСКАЯ,  2,  ОФИС 2",394018,"ТКАЧЕНКО ЕВГЕНИЙ АЛЕКСЕЕВИЧ"
155,"ОБЩЕСТВО С ОГРАНИЧЕННОЙ ОТВЕТСТВЕННОСТЬЮ ""ВИН-ВИН ГРУПП""","7751008239","tender@winandwin.ru","74951772571","775101001","1157746676163","12.01.2019","12.01.2022","108811,  Г МОСКВА77,  КМ КИЕВСКОЕ ШОССЕ 22-Й (П МОСКОВСКИЙ),  ДОМОВЛ 4,  СТРОЕНИЕ 1,  БЛОК Б ОФ 412Б",108811,"УЖЕНКОВ АЛЕКСАНДР НИКОЛАЕВИЧ"
156,"ОБЩЕСТВО С ОГРАНИЧЕННОЙ ОТВЕТСТВЕННОСТЬЮ  ""АЛЬТЕРНАТИВА""","5614030180","bolkarey@rambler.ru","79619405322","561401001","1075614000725","12.01.2019","12.01.2022","462420,  ОБЛ ОРЕНБУРГСКАЯ56,  Г ОРСК,  УЛ ЛЕНИНСКОГО КОМСОМОЛА,  ДОМ 43,  ОФИС 409",462420,"ШАПИРО АЛЕКСАНДР МАНУИЛОВИЧ"
157,"ОБЩЕСТВО С ОГРАНИЧЕННОЙ ОТВЕТСТВЕННОСТЬЮ ""ВОКСЕЛ""","2901146249","mail@420222.ru","78182420222","290101001","1062901037572","12.01.2019","12.01.2022","163000,  ОБЛ АРХАНГЕЛЬСКАЯ29,  Г АРХАНГЕЛЬСК,  ПР-КТ ОБВОДНЫЙ КАНАЛ,  ДОМ 14,",163000,"ПОПОВ НИКОЛАЙ ВЛАДИМИРОВИЧ"
158,"ОБЩЕСТВО С ОГРАНИЧЕННОЙ ОТВЕТСТВЕННОСТЬЮ ""ЛАБОРАТОРНАЯ МЕБЕЛЬ""","5408303240","lab-mebel@ngs.ru","79138978250","540501001","1135476118084","12.01.2019","12.01.2022","630083,  ОБЛ НОВОСИБИРСКАЯ54,  Г НОВОСИБИРСК,  УЛ БОЛЬШЕВИСТСКАЯ,  ДОМ 177,  ЦЕХ 15",630083,"ЕВДОКИМОВ АЛЕКСАНДР СЕРГЕЕВИЧ"
159,"ОБЩЕСТВО С ОГРАНИЧЕННОЙ ОТВЕТСТВЕННОСТЬЮ ""ПАНИМПЭКС""","7722693773","mail@panimpex.ru","79689487527","772201001","1097746504580","12.01.2019","12.01.2022","109052,  Г МОСКВА77,  УЛ НИЖЕГОРОДСКАЯ,  ДОМ 70,  КОРПУС 2,  ЭТАЖ/ПОМЕЩЕНИЕ/ОФИС 1/4/6",109052,"СТАРОГОРОДСКИЙ СЕРГЕЙ ВИТАЛЬЕВИЧ"
160,"ОБЩЕСТВО С ОГРАНИЧЕННОЙ ОТВЕТСТВЕННОСТЬЮ ""ЦЕНТР СОВРЕМЕННОГО ПРОТЕЗИРОВАНИЯ - СЕВЕР""","4345344063","titkova43@yandex.ru","79123710614","434501001","1124345026772","12.01.2019","12.01.2022","610044,  ОБЛ КИРОВСКАЯ43,  Г КИРОВ,  УЛ ЛЕПСЕ,  ДОМ 51А,  ПОМЕЩЕНИЕ 1001",610044,"ТИТКОВА НАТАЛЬЯ ВИКТОРОВНА"
161,"ГОСУДАРСТВЕННОЕ АВТОНОМНОЕ УЧРЕЖДЕНИЕ НОВОСИБИРСКОЙ ОБЛАСТИ ""ИЗДАТЕЛЬСКИЙ ДОМ ""СОВЕТСКАЯ СИБИРЬ""","5403179470","egorova@sovsibir.ru","73833144248","540401001","1055403093283","12.01.2019","12.01.2022","630048,  ОБЛ НОВОСИБИРСКАЯ54,  Г НОВОСИБИРСК,  УЛ РИМСКОГО-КОРСАКОВА,  ДОМ 22,  ЭТАЖ 3",630048,"ШРЕЙТЕР НАТАЛЬЯ ВЛАДИМИРОВНА"
162,"ОБЩЕСТВО С ОГРАНИЧЕННОЙ ОТВЕТСТВЕННОСТЬЮ ""РУВАК""","4015004478","ruwac@ruwac.ru","74956615991","771501001","1074001001140","12.01.2019","12.01.2022","127273,  Г МОСКВА77,  ПРОЕЗД НОВОВЛАДЫКИНСКИЙ,  8,  5,",127273,"АБАКАРОВ ЭМРАН ГАДЖИАБАКАРОВИЧ"
163,"ОБЩЕСТВО С ОГРАНИЧЕННОЙ ОТВЕТСТВЕННОСТЬЮ ""ХАРТ-2002""","7713319829","vveya@yandex.ru","79166294194","771301001","1037739384231","12.01.2019","12.01.2022","127474,  Г МОСКВА77,  УЛ ДУБНИНСКАЯ,  13,",127474,"ВАСИЛЬЕВ ВЯЧЕСЛАВ ЕВГЕНЬЕВИЧ"
164,"ОБЩЕСТВО С ОГРАНИЧЕННОЙ ОТВЕТСТВЕННОСТЬЮ ""АКВАСЕРВИС""","2455014226","aqua.min@mail.ru","73913226607","245501001","1022401538741","12.01.2019","12.01.2022","662600,  КРАЙ КРАСНОЯРСКИЙ24,  Г МИНУСИНСК,  УЛ АБАКАНСКАЯ,  55,  1",662600,"ЧЕРНЫШЕВ АНДРЕЙ АЛЕКСАНДРОВИЧ"
165,"ОБЩЕСТВО С ОГРАНИЧЕННОЙ ОТВЕТСТВЕННОСТЬЮ ""ИНЖЕНЕРНО-КАДАСТРОВЫЙ ЦЕНТР""","2626033422","ikc26@yandex.ru","78793462129","262601001","1052600111850","12.01.2019","12.01.2022","357600,  КРАЙ СТАВРОПОЛЬСКИЙ26,  Г ЕССЕНТУКИ,  УЛ ВОКЗАЛЬНАЯ,  16,",357600,"ЩЕБЕТУНОВ ЮРИЙ НИКОЛАЕВИЧ"
166,"ОБЩЕСТВО С ОГРАНИЧЕННОЙ ОТВЕТСТВЕННОСТЬЮ МЕДТЕХФАРМ","0276074793","medtf@ufacom.ru","73472536122","027601001","1030204210486","12.01.2019","12.01.2022","450104,  РЕСП БАШКОРТОСТАН02,  Г УФА,  УЛ ЗЕЛЕНОГОРСКАЯ,  13,  ВПП,  11-16",450104,"ГАЙСИН АЙДАР ФАИЛОВИЧ"
167,"ОБЩЕСТВО С ОГРАНИЧЕННОЙ ОТВЕТСТВЕННОСТЬЮ ""ДИЗАЙН-ПРОЕКТ""","5611052668","dizain-proekt@mail.ru","73532723061","561101001","1075658014827","12.01.2019","12.01.2022","460009,  ОБЛ ОРЕНБУРГСКАЯ56,  Г ОРЕНБУРГ,  УЛ ЗАПАДНАЯ,  1,  9",460009,"КОТОВЩИКОВ ОЛЕГ АЛЕКСАНДРОВИЧ"
168,"ОБЩЕСТВО С ОГРАНИЧЕННОЙ ОТВЕТСТВЕННОСТЬЮ ""ГАРАНТ-ТЕХНОЛОГИИ""","2130052010","ee@garant21.com","78352755855","213001001","1082130019003","12.01.2019","12.01.2022","428018,  - ЧУВАШСКАЯ РЕСПУБЛИКА -21,  Г ЧЕБОКСАРЫ,  ПР-КТ МОСКОВСКИЙ,  ДОМ 17,  СТРОЕНИЕ 1,  ПОМЕЩЕНИЕ 6",428018,"ШИПАТОВ АНДРЕЙ ЮВИНАЛЬЕВИЧ"
169,"ОБЩЕСТВО С ОГРАНИЧЕННОЙ ОТВЕТСТВЕННОСТЬЮ ""ИНТЕРЭКСПЕРТИЗА""","7715007039","inform@interexpertiza.ru","74957771270","772601001","1027739385332","12.01.2019","12.01.2022","117105,  Г МОСКВА77,  НАБ НОВОДАНИЛОВСКАЯ,  ДОМ 4А,  ПОМЕЩЕНИЕ II ЭТАЖ 6 КОМН 22Б",117105,"МУРТАЗАЛИЕВ МАГОМЕДРАСУЛ МАГОМЕДОВИЧ"
170,"ОБЩЕСТВО С ОГРАНИЧЕННОЙ ОТВЕТСТВЕННОСТЬЮ ""МАЯК""","0272010541","al.shestakov@inbox.ru","79197755328","502401001","1020202360727","12.01.2019","12.01.2022","143405,  ОБЛ МОСКОВСКАЯ50,  Г КРАСНОГОРСК,  УЛ ВОКЗАЛЬНАЯ,  ДОМ 17А,  КВАРТИРА 217",143405,"ШЕСТАКОВ АЛЕКСАНДР ЮРЬЕВИЧ"
171,"ОБЩЕСТВО С ОГРАНИЧЕННОЙ ОТВЕТСТВЕННОСТЬЮ ""ПЕТРОКОМПЛЕКТ""","7811527601","ekp@petro-komplekt.ru","78126772102","781101001","1127847403331","12.01.2019","12.01.2022","192029,  Г САНКТ-ПЕТЕРБУРГ78,  ПР-КТ ОБУХОВСКОЙ ОБОРОНЫ,  38,  ЛИТЕР Б,  ПОМ. 42, 44",192029,"МАКАРОВ ЛЕОНИД СЕРГЕЕВИЧ"
172,"ОБЩЕСТВО С ОГРАНИЧЕННОЙ ОТВЕТСТВЕННОСТЬЮ ""СТРОЙОТРЯД""","6454121663","ofiserik@mail.ru","79626162307","645201001","1126454002234","12.01.2019","12.01.2022","410003,  ОБЛ САРАТОВСКАЯ64,  Г САРАТОВ,  УЛ СИМБИРСКАЯ,  116 А,",410003,"МАРУКЯН ЭРИК ВАРАЗДАТОВИЧ"
173,"ОБЩЕСТВО С ОГРАНИЧЕННОЙ ОТВЕТСТВЕННОСТЬЮ ""ПРОЕКТНО-СТРОИТЕЛЬНАЯ КОМПАНИЯ ""ФАЭТОН""","5239010840","percevaa@yandex.ru","79027836051","523901001","1125235000967","12.01.2019","12.01.2022","606910,  ОБЛ НИЖЕГОРОДСКАЯ52,  Г ШАХУНЬЯ,  УЛ ВОСТОЧНАЯ,  65,  3",606910,"ПЕРЦЕВ АНДРЕЙ АЛЕКСАНДРОВИЧ"
174,"ОБЩЕСТВО С ОГРАНИЧЕННОЙ ОТВЕТСТВЕННОСТЬЮ ""ЭЛЬБРУС""","7202228177","89220002400@mail.ru","79220002400","720301001","1127232012346","12.01.2019","12.01.2022","625046,  ОБЛ ТЮМЕНСКАЯ72,  Г ТЮМЕНЬ,  УЛ ШИРОТНАЯ,  ДОМ 159,  КВАРТИРА 1",625046,"ПОМИНОВ АЛЕКСЕЙ СЕРГЕЕВИЧ"
175,"ОБЩЕСТВО С ОГРАНИЧЕННОЙ ОТВЕТСТВЕННОСТЬЮ ""СК ""ВИАДУК""","5837051592","skviaduk@mail.ru","78412369513","583701001","1125837002466","12.01.2019","12.01.2022","440052,  ОБЛ ПЕНЗЕНСКАЯ58,  Г ПЕНЗА,  УЛ БАУМАНА,  30,  ЛИТЕРА М1,",440052,"ЕФРЕМОВ СЕРГЕЙ ВАСИЛЬЕВИЧ"
176,"ОБЩЕСТВО С ОГРАНИЧЕННОЙ ОТВЕТСТВЕННОСТЬЮ ""ВЕЛИКОЛУКСКИЙ МЕХАНИЧЕСКИЙ ЗАВОД""","6025018392","torgiwmz@mail.ru","78115361164","602501001","1026000898054","12.01.2019","12.01.2022","182111,  ОБЛ ПСКОВСКАЯ60,  Г ВЕЛИКИЕ ЛУКИ,  УЛ М.КУЗЬМИНА,  39,",182111,"ПАРАМОНОВ ПЕТР АНАТОЛЬЕВИЧ"
177,"АВТОНОМНАЯ НЕКОММЕРЧЕСКАЯ ОРГАНИЗАЦИЯ ДОПОЛНИТЕЛЬНОГО ПРОФЕССИОНАЛЬНОГО ОБРАЗОВАНИЯ ""УЧЕБНЫЙ ЦЕНТР ПОВЫШЕНИЯ КВАЛИФИКАЦИИ СПЕЦИАЛИСТОВ""","4205129281","uch_ano@bk.ru","64338429019","420501001","1074200002733","12.01.2019","12.01.2022","650000,  ОБЛ КЕМЕРОВСКАЯ42,  Г КЕМЕРОВО,  ПР-КТ ХИМИКОВ,  15,  28",650000,"МУСИХИН ЮРИЙ АЛЕКСАНДРОВИЧ"
178,"ОБЩЕСТВО С ОГРАНИЧЕННОЙ ОТВЕТСТВЕННОСТЬЮ ""КОНСАЛТ-АУДИТ""","6234048104","timofeeva@konaudit.ru","74912952923","623401001","1076234012623","12.01.2019","12.01.2022","390023,  ОБЛ РЯЗАНСКАЯ62,  Г РЯЗАНЬ,  УЛ УРИЦКОГО,  ДОМ 24,  ОФИС 5",390023,"КАНДАУРОВА ТАТЬЯНА ВЛАДИМИРОВНА"
179,"ОБЩЕСТВО С ОГРАНИЧЕННОЙ ОТВЕТСТВЕННОСТЬЮ ""ФОГСОФТ""","7604077915","sales.global@fogsoft.ru","74852582205","760401001","1057600613795","12.01.2019","12.01.2022","150040,  ОБЛ ЯРОСЛАВСКАЯ76,  Г ЯРОСЛАВЛЬ,  УЛ НЕКРАСОВА,  ДОМ 41,  ОФИС 231",150040,"ФОГИЛЕВ МИХАИЛ ЕВГЕНЬЕВИЧ"
180,"ОБЩЕСТВО С ОГРАНИЧЕННОЙ ОТВЕТСТВЕННОСТЬЮ ""МСУ ПРОМВЕНТИЛЯЦИЯ""","9705124298","Promvent3@yandex.ru","74959156033","770501001","1187746858331","12.01.2019","12.01.2022","115172,  Г МОСКВА77,  ПЕР ГОНЧАРНЫЙ 2-Й,  ДОМ 3,  ЭТ 1 ПОМ II КОМ 3,4",115172,"ГОЛОД ЕВГЕНИЙ АРОНОВИЧ"
181,"ОБЩЕСТВО С ОГРАНИЧЕННОЙ ОТВЕТСТВЕННОСТЬЮ ""БРИТАНСКИЙ СТАНДАРТ""","0273055993","bsufa@bk.ru","73472750350","027301001","1050203771540","12.01.2019","12.01.2022","450068,  РЕСП БАШКОРТОСТАН02,  Г УФА,  Б-Р ПЛЕХАНОВА,  ДОМ 11,  КОРПУС 1,  КВАРТИРА 5",450068,"КАЛМЫКОВ ИГОРЬ ВАЛЕРЬЕВИЧ"
182,"ОБЩЕСТВО С ОГРАНИЧЕННОЙ ОТВЕТСТВЕННОСТЬЮ ""ИЗДАТЕЛЬСКИЙ ЦЕНТР ЮНИПРЕСС""","7302012037","unipress_alv@mail.ru","78423566536","730201001","1027300537681","12.01.2019","12.01.2022","433535,  ОБЛ УЛЬЯНОВСКАЯ73,  Г ДИМИТРОВГРАД,  УЛ ГВАРДЕЙСКАЯ,  33,  49",433535,"АЛЕШЕЧКИН ЛЕОНИД ВИТАЛЬЕВИЧ"
183,"ОБЩЕСТВО С ОГРАНИЧЕННОЙ ОТВЕТСТВЕННОСТЬЮ ""ПРОИЗВОДСТВЕННО-СТРОИТЕЛЬНЫЙ ДИЗАЙН ЦЕНТР-СФЕРА""","3663038050","raskat36@mail.ru","74732499430","366301001","1023601576932","12.01.2019","12.01.2022","394029,  ОБЛ ВОРОНЕЖСКАЯ36,  Г ВОРОНЕЖ,  УЛ ГЕРОЕВ СТРАТОСФЕРЫ,  24,  1,  5",394029,"ХИЗГИЛОВ АНАТОЛИЙ СЕМЕНОВИЧ"
184,"ЧАСТНОЕ ОБРАЗОВАТЕЛЬНОЕ УЧРЕЖДЕНИЕ ДОПОЛНИТЕЛЬНОГО ПРОФЕССИОНАЛЬНОГО ОБРАЗОВАНИЯ ""ТОМСКИЙ ОБЛАСТНОЙ ЦЕНТР ОХРАНЫ ТРУДА""","7017203266","tocot@mail.ru","73822901911","701701001","1087000000174","12.01.2019","12.01.2022","634024,  ОБЛ ТОМСКАЯ70,  Г ТОМСК,  ПР-КТ ЛЕНИНА,  242,",634024,"КРАСНОЖЕНОВ СЕРГЕЙ ПАВЛОВИЧ"
185,"ОБЩЕСТВО С ОГРАНИЧЕННОЙ ОТВЕТСТВЕННОСТЬЮ ""ИНТЕХ72""","7203234688","info@intex72.com","79068256505","720301001","1097232014516","12.01.2019","12.01.2022","625016,  ОБЛ ТЮМЕНСКАЯ72,  Г ТЮМЕНЬ,  УЛ НИКОЛАЯ СЕМЕНОВА,  ДОМ 21/2,  КАБИНЕТ 4",625016,"ПОПОВ АЛЕКСАНДР СЕРГЕЕВИЧ"
186,"ОБЩЕСТВО С ОГРАНИЧЕННОЙ ОТВЕТСТВЕННОСТЬЮ ""ХАЛТЕК - ДОАЛЛ""","7705643099","tender@haltec.ru","74952520500","772701001","1057746149900","12.01.2019","12.01.2022","117638,  Г МОСКВА77,  УЛ ОДЕССКАЯ,  ДОМ 2,  ЭТАЖ 13 ОФИС 1335",117638,"МАРТЫНЕНКО ДАНИИЛ ВЯЧЕСЛАВОВИЧ"
187,"ОБЩЕСТВО С ОГРАНИЧЕННОЙ ОТВЕТСТВЕННОСТЬЮ ""ТЕХНОЛОГИЯ СИСТЕМ БЕЗОПАСНОСТИ""","6672322514","tsb2010ek@mail.ru","79326046162","667001001","1106672015504","12.01.2019","12.01.2022","620075,  ОБЛ СВЕРДЛОВСКАЯ66,  Г ЕКАТЕРИНБУРГ,  УЛ БАЖОВА,  ДОМ 68,  ПОМЕЩЕНИЕ 6",620075,"ЛАПТЕВ СЕРГЕЙ ИВАНОВИЧ"
188,"ОБЩЕСТВО С ОГРАНИЧЕННОЙ ОТВЕТСТВЕННОСТЬЮ ""ФЛЮГЕР""","6323038806","ooofluger@mail.ru","79272117440","632101001","1036300990439","12.01.2019","12.01.2022","445024,  ОБЛ САМАРСКАЯ63,  Г ТОЛЬЯТТИ,  УЛ ЗАСТАВНАЯ,  17 А,  ОФИС 201",445024,"МИХАЙЛОВ ВЛАДИМИР ДЕНИСОВИЧ"
189,"ОБЩЕСТВО С ОГРАНИЧЕННОЙ ОТВЕТСТВЕННОСТЬЮ ""СПЕЦИАЛИЗИРОВАННОЕ ПРЕДПРИЯТИЕ ЛИФТОВИК""","3444199369","spliftovik@mail.ru","78442275927","344401001","1123444009094","12.01.2019","12.01.2022","400066,  ОБЛ ВОЛГОГРАДСКАЯ34,  Г ВОЛГОГРАД,  УЛ ПОРТ-САИДА,  ДОМ 8А,  ПОМЕЩЕНИЕ II",400066,"БАРДАКОВА ВАЛЕНТИНА РОМАНОВНА"
190,"ОБЩЕСТВО С ОГРАНИЧЕННОЙ ОТВЕТСТВЕННОСТЬЮ ""СОН МАКС СЕРВИС""","5503183470","kulishkin82@mail.ru","79136312100","550301001","1185543029121","12.01.2019","12.01.2022","644086,  ОБЛ ОМСКАЯ55,  Г ОМСК,  УЛ 21-Я АМУРСКАЯ,  ДОМ 35,  КВАРТИРА 129",644086,"КУЛИШКИН ДЕНИС ВЛАДИМИРОВИЧ"
191,"ОБЩЕСТВО С ОГРАНИЧЕННОЙ ОТВЕТСТВЕННОСТЬЮ ""ГАЗОВИК С""","5602024311","gazovik_@mail.ru","73535222512","560201001","1165658069598","12.01.2019","12.01.2022","461630,  ОБЛ ОРЕНБУРГСКАЯ56,  Г БУГУРУСЛАН,  УЛ МОСКОВСКАЯ,  ДОМ 40,  ПОМЕЩЕНИЕ 2",461630,"Конорев Юрий Вячеславович"
192,"ОБЩЕСТВО С ОГРАНИЧЕННОЙ ОТВЕТСТВЕННОСТЬЮ ""САМАРСКАЯ ЭНЕРГОСЕРВИСНАЯ КОМПАНИЯ""","6312064392","2010@samaraesco.ru","88469735041","631701001","1066312001326","12.01.2019","12.01.2022","443013,  ОБЛ САМАРСКАЯ63,  Г САМАРА,  УЛ ДАЧНАЯ,  ДОМ 24,  ПОМЕЩЕНИЕ 21",443013,"РОБЫШЕВА ТАТЬЯНА АЛЕКСАНДРОВНА"
193,"ОБЩЕСТВО С ОГРАНИЧЕННОЙ ОТВЕТСТВЕННОСТЬЮ ""ПРОИЗВОДСТВЕННАЯ КОММЕРЧЕСКАЯ ФИРМА УМЗ""","1831166230","pkfumz.tender@yandex.ru","73412908934110","183201001","1141831002037","12.01.2019","12.01.2022","426006,  РЕСП УДМУРТСКАЯ18,  Г ИЖЕВСК,  УЛ НОВОАЖИМОВА,  ДОМ 7,  ЛИТЕР Д,  ОФИС 606",426006,"КОНЕВ АЛЕКСЕЙ ВАЛЕРЬЕВИЧ"
194,"ОБЩЕСТВО С ОГРАНИЧЕННОЙ ОТВЕТСТВЕННОСТЬЮ ""ТЕХНОСТРОЙ""","3808227470","texnostroi38@yandex.ru","73952716555","381201001","1133850001944","12.01.2019","12.01.2022","664043,  ОБЛ ИРКУТСКАЯ38,  Г ИРКУТСК,  УЛ РАКИТНАЯ,  ДОМ 22,  ЭТАЖ 2,  ПОМЕЩЕНИЕ 9",664043,"Лекомцев Роман Владимирович"
195,"ОБЩЕСТВО С ОГРАНИЧЕННОЙ ОТВЕТСТВЕННОСТЬЮ ""ЛИФТТЕХНИКА""","6658292709","Lifttehnika@mail.ru","73432326116","665801001","1076658041943","12.01.2019","12.01.2022","620043,  ОБЛ СВЕРДЛОВСКАЯ66,  Г ЕКАТЕРИНБУРГ,  УЛ РЕПИНА,  78,  ОФИС 1",620043,"КАРДАПОЛОВА ЕЛЕНА АЛЕКСАНДРОВНА"
196,"ОБЩЕСТВО С ОГРАНИЧЕННОЙ ОТВЕТСТВЕННОСТЬЮ ""ЭКСПРЕСС-ДОСТАВКА""","3528071870","svetvik@port-express.net","78202202148","352801001","1023501257603","12.01.2019","12.01.2022","162614,  ОБЛ ВОЛОГОДСКАЯ35,  Г ЧЕРЕПОВЕЦ,  ПР-КТ ЛУНАЧАРСКОГО,  53А,",162614,"НИКИФОРОВА СВЕТЛАНА ВИКТОРОВНА"
197,"ОБЩЕСТВО С ОГРАНИЧЕННОЙ ОТВЕТСТВЕННОСТЬЮ ""ПРОСТО СЕРВИСНЫЙ ЦЕНТР""","5408303201","353@prostosc.ru","79133998378","540801001","1135476117083","12.01.2019","12.01.2022","630058,  ОБЛ НОВОСИБИРСКАЯ54,  Г НОВОСИБИРСК,  УЛ ШЛЮЗОВАЯ,  ДОМ 18,  КВАРТИРА 24",630058,"СУХАРЕВ ДМИТРИЙ СЕРГЕЕВИЧ"
198,"ОБЩЕСТВО С ОГРАНИЧЕННОЙ ОТВЕТСТВЕННОСТЬЮ ""СОНЕР""","2511073919","anna2412@msn.com","79247337111","251101001","1112511001921","12.01.2019","12.01.2022","692524,  КРАЙ ПРИМОРСКИЙ25,  Г УССУРИЙСК,  УЛ КОРОЛЕНКО,  21,  Б,  1",692524,"Ляшенко Анна Ивановна"
